country,year,% GHG emitting source,% GHG non emitting source,PM2.5 Exposure
Afghanistan,2000,34.043,65.957,48.75453
Afghanistan,2001,15.254,84.746,47.343914
Afghanistan,2002,18.841,81.159,49.618782
Afghanistan,2003,32.979,67.021,48.647667
Afghanistan,2004,37.079,62.921,47.392006
Afghanistan,2005,36.559,63.441,48.098083
Afghanistan,2006,23.81,76.19,40.538013
Afghanistan,2007,21.053,78.947,37.727036
Afghanistan,2008,26.027,73.973,36.852264
Afghanistan,2009,17.021,82.979,34.591442
Afghanistan,2010,20.213,79.787,39.08823
Afghanistan,2011,23.077,76.923,41.902607
Afghanistan,2012,15.909,84.09100000000001,34.349224
Afghanistan,2013,19.82,80.18,36.612812
Afghanistan,2014,13.793,86.207,35.98116
Afghanistan,2015,12.712,87.288,36.485733
Afghanistan,2016,12.397,87.604,36.872528
Afghanistan,2017,14.173,85.82700000000001,37.0668
Afghanistan,2018,17.094,82.90599999999999,40.83849
Afghanistan,2019,16.822,83.178,34.79521
Afghanistan,2020,15.0,85.0,34.164127
Afghanistan,2021,15.663,84.338,39.738834
Albania,1990,13.636,86.364,23.49461
Albania,1991,7.853,92.147,23.067856
Albania,1992,5.0,95.0,22.91179
Albania,1993,6.232,93.768,22.755726
Albania,1994,4.315,95.685,22.59966
Albania,1995,6.04,93.96,21.902218
Albania,1996,4.341,95.659,22.287529
Albania,1997,3.824,96.176,22.131464
Albania,1998,3.718,96.282,21.975399
Albania,1999,2.583,97.417,21.819334
Albania,2000,2.985,97.015,21.933958
Albania,2001,3.562,96.438,20.79519
Albania,2002,4.396,95.604,23.30122
Albania,2003,1.916,98.084,25.42076
Albania,2004,2.347,97.653,22.435135
Albania,2005,1.299,98.701,22.25906
Albania,2006,1.786,98.214,21.694021
Albania,2007,2.473,97.527,21.10743
Albania,2008,1.828,98.172,20.384361
Albania,2009,0.0,100.0,19.46221
Albania,2010,0.0,100.0,18.392
Albania,2011,1.446,98.554,21.948944
Albania,2012,0.0,100.0,19.067497
Albania,2013,0.0,100.0,18.185196
Albania,2014,0.0,100.0,16.69492
Albania,2015,0.0,100.0,18.678633
Albania,2016,0.0,100.0,16.511839
Albania,2017,0.0,100.0,17.267405
Albania,2018,0.0,100.0,17.955235
Albania,2019,0.0,100.0,17.295027
Albania,2020,0.0,100.0,15.714175
Albania,2021,0.0,100.0,15.833752
Algeria,2000,99.78999999999999,0.209,15.559373
Algeria,2001,99.72,0.28,14.436359
Algeria,2002,99.77000000000001,0.231,15.041127
Algeria,2003,99.065,0.935,14.134215
Algeria,2004,99.149,0.851,14.315241
Algeria,2005,98.27600000000001,1.724,14.8913555
Algeria,2006,99.33600000000001,0.664,16.799482
Algeria,2007,99.371,0.629,17.473907
Algeria,2008,99.26,0.74,17.467424
Algeria,2009,99.171,0.829,16.904621
Algeria,2010,99.604,0.395,17.211264
Algeria,2011,98.962,1.038,15.915753
Algeria,2012,98.851,1.149,16.139248
Algeria,2013,99.414,0.586,15.220658
Algeria,2014,99.58600000000001,0.414,16.116566
Algeria,2015,99.66,0.33999999999999997,16.03184
Algeria,2016,99.491,0.509,16.730295
Algeria,2017,99.105,0.895,15.388411
Algeria,2018,98.918,1.082,16.059969
Algeria,2019,98.905,1.096,16.004383
Algeria,2020,99.01,0.99,15.345791
Algeria,2021,98.82600000000001,1.174,16.866928
American Samoa,2000,100.0,0.0,4.895731
American Samoa,2001,100.0,0.0,5.003124
American Samoa,2002,100.0,0.0,4.9048343
American Samoa,2003,100.0,0.0,4.945226
American Samoa,2004,100.0,0.0,4.620156
American Samoa,2005,100.0,0.0,4.709115
American Samoa,2006,100.0,0.0,4.678187
American Samoa,2007,100.0,0.0,4.497878
American Samoa,2008,100.0,0.0,4.416421
American Samoa,2009,100.0,0.0,4.286193
American Samoa,2010,100.0,0.0,4.1469107
American Samoa,2011,100.0,0.0,3.6891832
American Samoa,2012,100.0,0.0,4.1162896
American Samoa,2013,100.0,0.0,4.1907024
American Samoa,2014,100.0,0.0,4.2967997
American Samoa,2015,100.0,0.0,4.803461
American Samoa,2016,100.0,0.0,4.3696685
American Samoa,2017,100.0,0.0,4.4148183
American Samoa,2018,100.0,0.0,4.210453
American Samoa,2019,100.0,0.0,4.39742
American Samoa,2020,100.0,0.0,4.16338
American Samoa,2021,100.0,0.0,3.4478872
Angola,2000,35.714,64.286,23.447172
Angola,2001,36.478,63.522,24.313643
Angola,2002,33.918,66.082,24.056664
Angola,2003,36.598,63.402,23.4318
Angola,2004,20.642,79.358,23.372055
Angola,2005,19.414,80.586,24.275362
Angola,2006,18.519,81.481,20.910536
Angola,2007,21.587,78.413,20.304699
Angola,2008,23.645,76.355,21.384628
Angola,2009,33.478,66.522,20.217794
Angola,2010,30.827,69.173,24.58557
Angola,2011,28.029,71.971,21.523624
Angola,2012,37.977,62.022999999999996,21.343443
Angola,2013,40.652,59.347,22.642942
Angola,2014,43.167,56.833,19.356392
Angola,2015,43.287,56.713,21.23245
Angola,2016,41.136,58.864,20.996796
Angola,2017,27.996000000000002,72.004,18.226158
Angola,2018,22.837,77.163,19.927565
Angola,2019,28.442,71.55799999999999,22.174343
Angola,2020,27.064,72.936,19.570648
Angola,2021,29.033,70.968,18.49084
Antigua and Barbuda,2000,100.0,0.0,10.548548
Antigua and Barbuda,2001,100.0,0.0,10.369811
Antigua and Barbuda,2002,100.0,0.0,10.742918
Antigua and Barbuda,2003,100.0,0.0,9.619918
Antigua and Barbuda,2004,100.0,0.0,9.187554
Antigua and Barbuda,2005,100.0,0.0,9.771547
Antigua and Barbuda,2006,100.0,0.0,9.369139
Antigua and Barbuda,2007,100.0,0.0,8.814349
Antigua and Barbuda,2008,100.0,0.0,9.1723
Antigua and Barbuda,2009,100.0,0.0,9.917528
Antigua and Barbuda,2010,100.0,0.0,10.3407135
Antigua and Barbuda,2011,100.0,0.0,8.646652
Antigua and Barbuda,2012,100.0,0.0,10.060279
Antigua and Barbuda,2013,100.0,0.0,7.766455
Antigua and Barbuda,2014,100.0,0.0,7.3583345
Antigua and Barbuda,2015,96.97,3.03,9.935556
Antigua and Barbuda,2016,100.0,0.0,9.327514
Antigua and Barbuda,2017,96.97,3.03,9.407477
Antigua and Barbuda,2018,96.97,3.03,8.777406
Antigua and Barbuda,2019,97.059,2.941,8.34454
Antigua and Barbuda,2020,93.939,6.061,8.634059
Antigua and Barbuda,2021,94.286,5.714,9.345081
Argentina,1990,49.903999999999996,49.264,20.22964
Argentina,1991,54.799,44.112,20.025637
Argentina,1992,52.203,47.011,19.795399
Argentina,1993,48.27499999999999,51.099000000000004,19.565163
Argentina,1994,45.144000000000005,54.282000000000004,19.334925
Argentina,1995,49.120000000000005,50.154999999999994,19.157158
Argentina,1996,56.03,43.239000000000004,18.87445
Argentina,1997,49.855999999999995,49.790000000000006,18.644213
Argentina,1998,53.77,46.068,18.413975
Argentina,1999,63.99099999999999,35.666999999999994,18.183739
Argentina,2000,59.08500000000001,40.91399999999999,17.927265
Argentina,2001,49.613,50.388,17.917812
Argentina,2002,48.922,51.078,17.942461
Argentina,2003,53.018,46.983,18.443256
Argentina,2004,59.93300000000001,40.067,17.37931
Argentina,2005,59.379999999999995,40.621,16.590551
Argentina,2006,58.868,41.131,16.154427
Argentina,2007,65.81,34.19,15.867011
Argentina,2008,66.772,33.229,15.898499
Argentina,2009,63.637,36.363,15.346372
Argentina,2010,65.647,34.353,14.539068
Argentina,2011,68.782,31.217999999999996,15.716305
Argentina,2012,71.381,28.619,14.0989685
Argentina,2013,69.194,30.807000000000002,14.596138
Argentina,2014,69.934,30.066,13.534008
Argentina,2015,70.52799999999999,29.471999999999998,13.8006525
Argentina,2016,72.185,27.813999999999993,14.143415
Argentina,2017,71.732,28.266,13.298734
Argentina,2018,70.327,29.674,13.537136
Argentina,2019,68.00799999999998,31.991000000000003,14.724635
Argentina,2020,66.033,33.967999999999996,16.029228
Argentina,2021,67.718,32.28,13.919075
Argentina,2022,63.373999999999995,36.624,15.865606
Armenia,2000,45.018,54.982,29.558367
Armenia,2001,47.038,52.961999999999996,31.412506
Armenia,2002,28.407,71.593,30.00368
Armenia,2003,27.447,72.553,30.180668
Armenia,2004,29.153,70.847,28.85948
Armenia,2005,28.811,71.189,30.073107
Armenia,2006,24.733,75.266,27.673212
Armenia,2007,25.09,74.911,28.674932
Armenia,2008,25.96,74.03999999999999,28.373144
Armenia,2009,20.112,79.888,26.607067
Armenia,2010,21.845,78.156,31.962114
Armenia,2011,31.825,68.17500000000001,26.461731
Armenia,2012,41.919,58.081,26.175283
Armenia,2013,40.822,59.178,27.006813
Armenia,2014,42.156,57.845,28.47877
Armenia,2015,35.637,64.363,28.287262
Armenia,2016,34.964,65.036,25.352291
Armenia,2017,36.685,63.316,27.140724
Armenia,2018,42.954,57.04600000000001,27.690329
Armenia,2019,39.178,60.822,29.3193
Armenia,2020,40.0,60.0,27.158699
Armenia,2021,43.443,56.558,30.531393
Australia,1990,89.56,9.969999999999999,6.4751964
Australia,1991,89.454,10.368,6.3770695
Australia,1992,89.441,10.299,6.350205
Australia,1993,89.42500000000001,10.324,6.3233404
Australia,1994,89.911,9.914000000000001,6.296476
Australia,1995,90.39099999999999,9.408,6.1270866
Australia,1996,90.41100000000002,9.408000000000001,6.242747
Australia,1997,90.831,8.989,6.2158823
Australia,1998,91.336,8.489,6.189018
Australia,1999,91.36900000000001,8.458,6.1621532
Australia,2000,91.366,8.634000000000002,6.206551
Australia,2001,91.783,8.218,6.155016
Australia,2002,91.917,8.083,6.390483
Australia,2003,91.341,8.66,6.4907675
Australia,2004,91.299,8.701,5.801138
Australia,2005,90.84400000000001,9.156,5.7155433
Australia,2006,90.365,9.636,6.034087
Australia,2007,90.88000000000001,9.119,5.9722157
Australia,2008,91.946,8.055,6.0475926
Australia,2009,92.196,7.804,6.936861
Australia,2010,90.955,9.043,5.291384
Australia,2011,88.65500000000002,11.344999999999999,5.4379673
Australia,2012,88.59,11.41,5.396649
Australia,2013,85.129,14.870999999999999,5.9675937
Australia,2014,85.038,14.963000000000001,6.0406437
Australia,2015,85.652,14.347999999999999,5.891992
Australia,2016,84.39,15.609999999999998,5.824938
Australia,2017,83.687,16.313000000000002,5.824313
Australia,2018,82.854,17.146,6.0540123
Australia,2019,78.62400000000001,21.375000000000004,9.327339
Australia,2020,74.49700000000001,25.503,6.8130484
Australia,2021,70.86600000000001,29.134,5.4818683
Australia,2022,67.696,32.303,5.3027363
Austria,1990,33.793,66.207,25.04666
Austria,1991,34.934,65.065,25.154228
Austria,1992,27.607,72.393,24.771008
Austria,1993,25.93,74.071,24.387789
Austria,1994,29.187999999999995,70.81200000000001,24.004568
Austria,1995,29.485,70.515,24.602926
Austria,1996,33.19,66.81,23.238129
Austria,1997,32.077,67.92399999999999,22.854908
Austria,1998,30.204,69.79599999999999,22.471687
Austria,1999,29.323,70.677,22.088469
Austria,2000,27.418000000000003,72.581,21.214458
Austria,2001,30.822000000000003,69.17800000000001,20.068344
Austria,2002,30.96,69.03999999999999,20.595152
Austria,2003,39.304,60.695,21.202929
Austria,2004,36.024,63.975,18.602167
Austria,2005,36.611000000000004,63.388999999999996,20.203457
Austria,2006,34.714,65.286,18.221188
Austria,2007,31.378,68.62299999999999,16.492159
Austria,2008,30.961,69.039,15.133269
Austria,2009,28.837999999999997,71.161,15.721397
Austria,2010,33.751000000000005,66.25,16.664436
Austria,2011,34.291000000000004,65.708,16.790026
Austria,2012,25.284,74.716,14.263331
Austria,2013,21.815,78.186,15.479269
Austria,2014,18.533,81.467,13.6682415
Austria,2015,23.056,76.944,13.499356
Austria,2016,21.716,78.28399999999999,12.781336
Austria,2017,24.281,75.72,12.882048
Austria,2018,23.032,76.968,13.848176
Austria,2019,22.89,77.11,11.052607
Austria,2020,19.902,80.098,10.264116
Austria,2021,21.21,78.78999999999999,10.770374
Austria,2022,23.713,76.287,10.627517
Azerbaijan,2000,91.38900000000001,8.612,23.191605
Azerbaijan,2001,92.793,7.207,23.630564
Azerbaijan,2002,89.172,10.828,23.533033
Azerbaijan,2003,87.87899999999999,12.121,22.510307
Azerbaijan,2004,86.67699999999999,13.324,21.65495
Azerbaijan,2005,85.174,14.826,22.45732
Azerbaijan,2006,88.844,11.156,24.63268
Azerbaijan,2007,88.668,11.332,27.277193
Azerbaijan,2008,89.193,10.807,27.364914
Azerbaijan,2009,87.178,12.822,26.321072
Azerbaijan,2010,80.788,19.211,29.823078
Azerbaijan,2011,86.212,13.788,23.504173
Azerbaijan,2012,91.705,8.295,24.197247
Azerbaijan,2013,93.327,6.673,25.07389
Azerbaijan,2014,94.46799999999999,5.532,27.873585
Azerbaijan,2015,93.041,6.959,23.435965
Azerbaijan,2016,91.514,8.486,21.121065
Azerbaijan,2017,92.203,7.796,24.696117
Azerbaijan,2018,92.149,7.851000000000001,24.211082
Azerbaijan,2019,93.13,6.871,23.606974
Azerbaijan,2020,94.99600000000001,5.0040000000000004,24.55744
Azerbaijan,2021,94.59899999999999,5.401,27.22422
Bahamas,2000,100.0,0.0,9.186766
Bahamas,2001,100.0,0.0,8.9167385
Bahamas,2002,100.0,0.0,9.031847
Bahamas,2003,100.0,0.0,8.655213
Bahamas,2004,100.0,0.0,8.11162
Bahamas,2005,100.0,0.0,8.519835
Bahamas,2006,100.0,0.0,6.9291406
Bahamas,2007,100.0,0.0,5.9205556
Bahamas,2008,100.0,0.0,5.6174035
Bahamas,2009,100.0,0.0,5.63017
Bahamas,2010,100.0,0.0,5.4254694
Bahamas,2011,100.0,0.0,6.292444
Bahamas,2012,100.0,0.0,6.1253095
Bahamas,2013,100.0,0.0,4.909415
Bahamas,2014,100.0,0.0,5.301548
Bahamas,2015,100.0,0.0,5.2396235
Bahamas,2016,100.0,0.0,5.3637114
Bahamas,2017,100.0,0.0,6.0590487
Bahamas,2018,100.0,0.0,5.4387474
Bahamas,2019,100.0,0.0,5.027226
Bahamas,2020,100.0,0.0,5.251034
Bahamas,2021,100.0,0.0,5.7604785
Bahrain,2000,100.0,0.0,60.838978
Bahrain,2001,100.0,0.0,58.764866
Bahrain,2002,100.0,0.0,54.08536
Bahrain,2003,100.0,0.0,72.02704
Bahrain,2004,100.0,0.0,66.50821
Bahrain,2005,100.0,0.0,67.924194
Bahrain,2006,100.0,0.0,57.907883
Bahrain,2007,100.0,0.0,55.000546
Bahrain,2008,100.0,0.0,58.036377
Bahrain,2009,100.0,0.0,61.724995
Bahrain,2010,100.0,0.0,57.415604
Bahrain,2011,100.0,0.0,54.68561
Bahrain,2012,100.0,0.0,60.146286
Bahrain,2013,100.0,0.0,54.31085
Bahrain,2014,99.961,0.039,49.853035
Bahrain,2015,99.963,0.037,59.102665
Bahrain,2016,99.963,0.037,55.829845
Bahrain,2017,99.964,0.036,55.792995
Bahrain,2018,99.964,0.036,60.11584
Bahrain,2019,99.968,0.032,55.31645
Bahrain,2020,99.967,0.033,51.2226
Bahrain,2021,99.969,0.031,57.53371
Bangladesh,2000,93.678,6.321,64.59913
Bangladesh,2001,94.021,5.979,64.16183
Bangladesh,2002,94.034,5.966,65.24444
Bangladesh,2003,93.976,6.025,64.436226
Bangladesh,2004,94.798,5.202,63.985214
Bangladesh,2005,94.967,5.033,65.5002
Bangladesh,2006,95.24799999999999,4.752,63.12776
Bangladesh,2007,97.398,2.601,62.68009
Bangladesh,2008,97.029,2.9699999999999998,65.204094
Bangladesh,2009,98.66,1.341,70.64567
Bangladesh,2010,97.818,2.183,67.491646
Bangladesh,2011,97.624,2.3760000000000003,69.20156
Bangladesh,2012,97.971,2.029,73.02934
Bangladesh,2013,97.802,2.198,65.478485
Bangladesh,2014,98.46000000000001,1.54,68.74286
Bangladesh,2015,98.506,1.493,65.51673
Bangladesh,2016,98.042,1.9580000000000002,64.23663
Bangladesh,2017,98.08500000000001,1.9170000000000003,63.83475
Bangladesh,2018,98.10700000000001,1.894,79.298416
Bangladesh,2019,98.56600000000002,1.434,66.79382
Bangladesh,2020,98.27,1.73,72.10968
Bangladesh,2021,98.27399999999999,1.724,73.11053
Bangladesh,2022,98.05199999999999,1.9479999999999997,63.21995
Barbados,2000,100.0,0.0,12.260278
Barbados,2001,100.0,0.0,11.952346
Barbados,2002,100.0,0.0,12.447381
Barbados,2003,100.0,0.0,11.384566
Barbados,2004,100.0,0.0,10.708764
Barbados,2005,100.0,0.0,11.217138
Barbados,2006,100.0,0.0,11.341618
Barbados,2007,100.0,0.0,10.959368
Barbados,2008,100.0,0.0,11.620355
Barbados,2009,100.0,0.0,12.737799
Barbados,2010,100.0,0.0,12.933545
Barbados,2011,100.0,0.0,10.526663
Barbados,2012,100.0,0.0,12.718833
Barbados,2013,100.0,0.0,9.931056
Barbados,2014,98.969,1.031,9.357955
Barbados,2015,98.98,1.02,12.386943
Barbados,2016,98.0,2.0,11.275578
Barbados,2017,97.03,2.97,12.158838
Barbados,2018,97.0,3.0,10.593199
Barbados,2019,96.078,3.922,10.475039
Barbados,2020,93.0,7.0,11.34742
Barbados,2021,92.523,7.477,12.171104
Belarus,2000,99.878,0.122,28.05255
Belarus,2001,99.873,0.127,27.169659
Belarus,2002,99.879,0.121,30.196878
Belarus,2003,99.88,0.12,24.133253
Belarus,2004,99.898,0.102,23.003958
Belarus,2005,99.863,0.137,21.83339
Belarus,2006,99.799,0.201,18.372917
Belarus,2007,99.766,0.234,17.326202
Belarus,2008,99.666,0.33499999999999996,17.706894
Belarus,2009,99.649,0.351,18.515615
Belarus,2010,99.634,0.365,20.296495
Belarus,2011,99.603,0.397,17.226791
Belarus,2012,99.447,0.553,16.906572
Belarus,2013,99.02,0.98,17.861633
Belarus,2014,99.173,0.8280000000000001,18.385937
Belarus,2015,99.094,0.9059999999999999,15.50387
Belarus,2016,98.732,1.2679999999999998,14.602589
Belarus,2017,97.689,2.31,14.68704
Belarus,2018,97.791,2.21,16.106667
Belarus,2019,97.505,2.495,13.349332
Belarus,2020,95.552,4.447,12.648808
Belarus,2021,83.858,16.141000000000002,13.864891
Belgium,1990,38.42700000000001,61.57300000000001,22.600578
Belgium,1991,39.035999999999994,60.963,22.633022
Belgium,1992,38.281,61.719,22.34811
Belgium,1993,39.44,60.56,22.063196
Belgium,1994,42.205999999999996,57.794000000000004,21.778284
Belgium,1995,42.832,57.168,22.128086
Belgium,1996,41.576,58.424,21.208456
Belgium,1997,38.354,61.647,20.923544
Belgium,1998,42.831,57.169000000000004,20.63863
Belgium,1999,40.183,59.818000000000005,20.353718
Belgium,2000,40.561,59.439,19.751446
Belgium,2001,39.679,60.321,18.254549
Belgium,2002,40.079,59.921,18.27999
Belgium,2003,41.86900000000001,58.131,20.548853
Belgium,2004,41.136,58.864,18.227665
Belgium,2005,40.891999999999996,59.108,17.707077
Belgium,2006,40.28,59.718999999999994,17.02734
Belgium,2007,40.25,59.752,16.814205
Belgium,2008,39.633,60.367000000000004,17.457653
Belgium,2009,41.263,58.738,17.60173
Belgium,2010,41.336999999999996,58.663000000000004,17.162823
Belgium,2011,36.507,63.493,16.586634
Belgium,2012,37.608,62.393,14.7753105
Belgium,2013,33.492,66.508,15.682618
Belgium,2014,35.283,64.718,12.94202
Belgium,2015,40.473000000000006,59.528,12.48823
Belgium,2016,31.194,68.80600000000001,12.131648
Belgium,2017,31.673000000000002,68.326,11.814223
Belgium,2018,37.745,62.25600000000001,12.206018
Belgium,2019,31.762,68.23700000000001,10.443398
Belgium,2020,34.134,65.866,9.145553
Belgium,2021,26.224,73.776,10.728361
Belgium,2022,27.892000000000003,72.10799999999999,10.074123
Belize,2000,50.0,50.0,19.300608
Belize,2001,40.0,60.0,18.232727
Belize,2002,40.0,60.0,17.69276
Belize,2003,64.706,35.294,18.661325
Belize,2004,62.5,37.5,15.820407
Belize,2005,58.824,41.176,17.537764
Belize,2006,21.739,78.261,17.694532
Belize,2007,25.0,75.0,17.530085
Belize,2008,13.043,86.957,16.742609
Belize,2009,20.0,80.0,15.1682415
Belize,2010,36.735,63.265,14.608955
Belize,2011,32.558,67.44200000000001,18.192614
Belize,2012,42.553,57.446999999999996,14.846573
Belize,2013,33.333,66.667,17.311117
Belize,2014,37.255,62.745,16.833647
Belize,2015,42.593,57.407000000000004,16.456692
Belize,2016,39.623,60.378,14.4491205
Belize,2017,46.053,53.947,14.873634
Belize,2018,49.367,50.632999999999996,17.207865
Belize,2019,46.591,53.409000000000006,15.675558
Belize,2020,61.29,38.71,20.106346
Belize,2021,62.5,37.5,15.851735
Benin,2000,100.0,0.0,46.66545
Benin,2001,100.0,0.0,38.112446
Benin,2002,100.0,0.0,40.422802
Benin,2003,100.0,0.0,32.76102
Benin,2004,100.0,0.0,43.491207
Benin,2005,100.0,0.0,35.041416
Benin,2006,100.0,0.0,38.78287
Benin,2007,100.0,0.0,42.567482
Benin,2008,100.0,0.0,42.77691
Benin,2009,100.0,0.0,37.040836
Benin,2010,100.0,0.0,35.125557
Benin,2011,100.0,0.0,38.268936
Benin,2012,100.0,0.0,38.11251
Benin,2013,100.0,0.0,32.068054
Benin,2014,100.0,0.0,32.05568
Benin,2015,100.0,0.0,46.104195
Benin,2016,100.0,0.0,41.364506
Benin,2017,100.0,0.0,40.99027
Benin,2018,100.0,0.0,35.061832
Benin,2019,95.0,5.0,33.27932
Benin,2020,95.652,4.348,41.509304
Benin,2021,95.833,4.167,40.835384
Bhutan,2000,0.0,100.0,31.200891
Bhutan,2001,0.0,100.0,30.307604
Bhutan,2002,0.0,100.0,30.835886
Bhutan,2003,0.0,100.0,31.63975
Bhutan,2004,0.0,100.0,31.520403
Bhutan,2005,0.0,100.0,31.979403
Bhutan,2006,0.0,100.0,30.287498
Bhutan,2007,0.0,100.0,30.058014
Bhutan,2008,0.0,100.0,31.819489
Bhutan,2009,0.0,100.0,35.651184
Bhutan,2010,0.0,100.0,30.293724
Bhutan,2011,0.0,100.0,31.402933
Bhutan,2012,0.0,100.0,32.691734
Bhutan,2013,0.0,100.0,28.490273
Bhutan,2014,0.0,100.0,32.48266
Bhutan,2015,0.0,100.0,32.258354
Bhutan,2016,0.0,100.0,29.873322
Bhutan,2017,0.0,100.0,30.730768
Bhutan,2018,0.0,100.0,33.641415
Bhutan,2019,0.0,100.0,31.729326
Bhutan,2020,0.0,100.0,32.09563
Bhutan,2021,0.0,100.0,32.476864
Bolivia,2000,45.359,54.641999999999996,72.142845
Bolivia,2001,42.597,57.402,68.81147
Bolivia,2002,43.457,56.543,71.19555
Bolivia,2003,49.641,50.36,65.23851
Bolivia,2004,42.89,57.11,66.90859
Bolivia,2005,49.254000000000005,50.747,66.48362
Bolivia,2006,48.819,51.181,43.755642
Bolivia,2007,43.92,56.08,31.01644
Bolivia,2008,44.364999999999995,55.635000000000005,30.348326
Bolivia,2009,46.61,53.39,27.277266
Bolivia,2010,50.466,49.534,38.198742
Bolivia,2011,49.92699999999999,50.07300000000001,30.280878
Bolivia,2012,57.650000000000006,42.35,26.377415
Bolivia,2013,57.778,42.222,25.16278
Bolivia,2014,59.314,40.687,26.291924
Bolivia,2015,58.054,41.946,27.15044
Bolivia,2016,64.56,35.439,28.671389
Bolivia,2017,60.742000000000004,39.258,27.723835
Bolivia,2018,55.414,44.586,26.464256
Bolivia,2019,57.958,42.042,28.923992
Bolivia,2020,58.793000000000006,41.205,31.357342
Bolivia,2021,57.79,42.209999999999994,28.117235
Bolivia,2022,60.692,39.308,30.565111
Bosnia and Herzegovina,2000,49.851,50.149,36.039864
Bosnia and Herzegovina,2001,50.0,50.0,35.456364
Bosnia and Herzegovina,2002,49.856,50.144,39.25658
Bosnia and Herzegovina,2003,58.78,41.22,42.181656
Bosnia and Herzegovina,2004,51.713,48.287,37.450344
Bosnia and Herzegovina,2005,51.111,48.889,38.38703
Bosnia and Herzegovina,2006,54.688,45.312,33.966164
Bosnia and Herzegovina,2007,64.894,35.106,31.457005
Bosnia and Herzegovina,2008,66.008,33.992,31.033731
Bosnia and Herzegovina,2009,58.91,41.09,31.679304
Bosnia and Herzegovina,2010,51.818,48.182,32.51845
Bosnia and Herzegovina,2011,70.233,29.767,34.556046
Bosnia and Herzegovina,2012,68.973,31.027,30.923851
Bosnia and Herzegovina,2013,57.278999999999996,42.721,28.461412
Bosnia and Herzegovina,2014,62.0,38.0,28.374784
Bosnia and Herzegovina,2015,63.26,36.74,31.686058
Bosnia and Herzegovina,2016,66.921,33.079,30.794487
Bosnia and Herzegovina,2017,75.55,24.450000000000003,29.51431
Bosnia and Herzegovina,2018,64.474,35.527,30.020147
Bosnia and Herzegovina,2019,62.148,37.853,25.904432
Bosnia and Herzegovina,2020,68.83,31.171000000000003,26.819921
Bosnia and Herzegovina,2021,58.688,41.312,25.601183
Bosnia and Herzegovina,2022,62.131,37.869,27.10946
Botswana,2000,100.0,0.0,17.433092
Botswana,2001,100.0,0.0,19.978727
Botswana,2002,100.0,0.0,18.431374
Botswana,2003,100.0,0.0,17.36044
Botswana,2004,100.0,0.0,16.728685
Botswana,2005,100.0,0.0,18.263182
Botswana,2006,100.0,0.0,16.570995
Botswana,2007,100.0,0.0,16.129232
Botswana,2008,100.0,0.0,16.685633
Botswana,2009,100.0,0.0,16.431644
Botswana,2010,100.0,0.0,20.084278
Botswana,2011,100.0,0.0,15.540526
Botswana,2012,100.0,0.0,17.097002
Botswana,2013,100.0,0.0,16.682625
Botswana,2014,100.0,0.0,12.678301
Botswana,2015,100.0,0.0,16.628763
Botswana,2016,100.0,0.0,14.857592
Botswana,2017,100.0,0.0,14.325333
Botswana,2018,99.663,0.337,16.024263
Botswana,2019,99.673,0.327,15.005054
Botswana,2020,99.514,0.485,13.319484
Botswana,2021,99.543,0.457,13.97205
Brazil,1990,4.494999999999999,95.50500000000001,27.068405
Brazil,1991,4.758,95.241,27.04364
Brazil,1992,4.852,95.148,26.962513
Brazil,1993,4.568,95.43199999999999,26.881384
Brazil,1994,4.572,95.427,26.800257
Brazil,1995,4.929,95.072,26.831854
Brazil,1996,5.606,94.394,26.638
Brazil,1997,5.993,94.007,26.556873
Brazil,1998,6.061999999999999,93.939,26.475744
Brazil,1999,8.665,91.22500000000001,26.394617
Brazil,2000,8.428,91.573,26.257126
Brazil,2001,10.888,89.11099999999999,26.403042
Brazil,2002,9.845,90.156,25.943916
Brazil,2003,8.811,91.19,27.349861
Brazil,2004,10.530000000000001,89.46900000000001,26.117645
Brazil,2005,9.997,90.003,25.910887
Brazil,2006,9.564,90.435,18.870647
Brazil,2007,8.61,91.39000000000001,15.380898
Brazil,2008,12.288,87.71300000000001,15.46391
Brazil,2009,7.919,92.08099999999999,15.280685
Brazil,2010,11.947,88.054,15.159587
Brazil,2011,9.532,90.46799999999999,15.014938
Brazil,2012,14.111,85.888,13.637354
Brazil,2013,19.877,80.124,13.192112
Brazil,2014,23.473,76.52600000000001,13.157934
Brazil,2015,22.544000000000004,77.45599999999999,14.105765
Brazil,2016,16.287,83.714,13.489582
Brazil,2017,17.534,82.46600000000001,13.60496
Brazil,2018,14.591000000000001,85.409,13.331691
Brazil,2019,14.693999999999999,85.305,13.813143
Brazil,2020,13.208,86.79100000000001,13.66583
Brazil,2021,21.01,78.99,13.686964
Brazil,2022,10.923,89.076,14.946074
Brunei,2000,100.0,0.0,9.007613
Brunei,2001,100.0,0.0,9.050127
Brunei,2002,100.0,0.0,9.799008
Brunei,2003,100.0,0.0,9.363428
Brunei,2004,100.0,0.0,9.662378
Brunei,2005,100.0,0.0,9.1463375
Brunei,2006,100.0,0.0,9.498099
Brunei,2007,100.0,0.0,8.993625
Brunei,2008,100.0,0.0,9.38969
Brunei,2009,100.0,0.0,13.966731
Brunei,2010,100.0,0.0,7.842915
Brunei,2011,100.0,0.0,9.716418
Brunei,2012,100.0,0.0,9.264712
Brunei,2013,100.0,0.0,8.338984
Brunei,2014,100.0,0.0,8.92713
Brunei,2015,100.0,0.0,12.904298
Brunei,2016,100.0,0.0,9.302987
Brunei,2017,100.0,0.0,6.4203467
Brunei,2018,100.0,0.0,8.474754
Brunei,2019,100.00000000000001,0.0,11.5487385
Brunei,2020,99.999,0.0,6.7736974
Brunei,2021,100.00000000000001,0.0,7.414734
Bulgaria,1990,61.122,38.878,31.838211
Bulgaria,1991,62.03000000000001,37.97,31.131237
Bulgaria,1992,62.049,37.951,30.806437
Bulgaria,1993,58.351,41.649,30.481636
Bulgaria,1994,56.187,43.813,30.156836
Bulgaria,1995,53.35,46.651,29.06769
Bulgaria,1996,50.867000000000004,49.133,29.507236
Bulgaria,1997,51.937000000000005,48.062000000000005,29.182436
Bulgaria,1998,51.821999999999996,48.179,28.857635
Bulgaria,1999,51.184000000000005,48.815000000000005,28.532835
Bulgaria,2000,48.742999999999995,51.256,28.590208
Bulgaria,2001,51.208,48.791,28.192606
Bulgaria,2002,46.923,53.077,31.111862
Bulgaria,2003,52.068999999999996,47.931,32.86681
Bulgaria,2004,51.787000000000006,48.213,28.63347
Bulgaria,2005,47.757000000000005,52.242000000000004,29.306393
Bulgaria,2006,47.844,52.155,29.505499
Bulgaria,2007,59.162,40.839999999999996,29.586483
Bulgaria,2008,58.034000000000006,41.965,27.943716
Bulgaria,2009,55.256,44.744,25.559813
Bulgaria,2010,54.306,45.69500000000001,25.308378
Bulgaria,2011,59.559000000000005,40.440999999999995,30.841988
Bulgaria,2012,54.754,45.246,26.219542
Bulgaria,2013,51.022,48.979,23.837711
Bulgaria,2014,50.427,49.574,24.564419
Bulgaria,2015,50.452,49.548,21.898678
Bulgaria,2016,48.788,51.211,21.39678
Bulgaria,2017,51.747,48.253,22.003178
Bulgaria,2018,45.187000000000005,54.812,22.433445
Bulgaria,2019,45.090999999999994,54.908,21.903946
Bulgaria,2020,40.080000000000005,59.92100000000001,20.497547
Bulgaria,2021,43.34,56.66,20.313784
Bulgaria,2022,48.754000000000005,51.245999999999995,22.815573
Burkina Faso,2000,68.75,31.25,42.356945
Burkina Faso,2001,84.375,15.625,38.150173
Burkina Faso,2002,83.333,16.667,42.770615
Burkina Faso,2003,77.778,22.222,34.23201
Burkina Faso,2004,78.723,21.277,50.079624
Burkina Faso,2005,79.592,20.408,42.954777
Burkina Faso,2006,84.615,15.385,44.427097
Burkina Faso,2007,81.034,18.966,46.14686
Burkina Faso,2008,77.586,22.414,46.74983
Burkina Faso,2009,80.303,19.697,42.02334
Burkina Faso,2010,79.688,20.312,41.70463
Burkina Faso,2011,86.957,13.043,42.704605
Burkina Faso,2012,87.356,12.643,41.988907
Burkina Faso,2013,87.879,12.121,35.571503
Burkina Faso,2014,91.071,8.929,37.445393
Burkina Faso,2015,93.007,6.992999999999999,48.71052
Burkina Faso,2016,89.677,10.322,43.2939
Burkina Faso,2017,90.244,9.756,41.276783
Burkina Faso,2018,86.061,13.94,35.91609
Burkina Faso,2019,87.791,12.209,34.08125
Burkina Faso,2020,87.195,12.805,38.731766
Burkina Faso,2021,86.857,13.143,37.33066
Burundi,2000,0.0,100.0,38.62223
Burundi,2001,0.0,100.0,38.223255
Burundi,2002,0.0,100.0,36.646317
Burundi,2003,0.0,100.0,36.75698
Burundi,2004,0.0,100.0,38.26098
Burundi,2005,0.0,100.0,37.183514
Burundi,2006,0.0,100.0,37.76609
Burundi,2007,0.0,100.0,39.045715
Burundi,2008,0.0,100.0,40.251637
Burundi,2009,0.0,100.0,36.867348
Burundi,2010,0.0,100.0,40.332844
Burundi,2011,7.143,92.857,40.887978
Burundi,2012,6.667,93.333,40.426582
Burundi,2013,16.667,83.334,41.305992
Burundi,2014,21.053,78.947,36.808556
Burundi,2015,16.667,83.334,39.65349
Burundi,2016,15.789,84.21000000000001,39.02707
Burundi,2017,27.586,72.41299999999998,32.544914
Burundi,2018,37.037,62.964,32.12329
Burundi,2019,33.333,66.667,39.918457
Burundi,2020,31.429,68.571,37.955963
Burundi,2021,33.333,66.667,36.847843
Burundi,2022,30.556,69.44500000000001,36.305004
Cambodia,2000,89.362,10.638,26.815662
Cambodia,2001,94.118,5.882,25.7906
Cambodia,2002,95.652,4.348,26.818213
Cambodia,2003,94.366,5.634,25.806753
Cambodia,2004,96.053,3.947,27.619192
Cambodia,2005,95.556,4.444,27.242949
Cambodia,2006,88.288,11.712,23.46785
Cambodia,2007,88.652,11.347,21.91918
Cambodia,2008,88.489,11.511,21.74172
Cambodia,2009,87.179,12.821,19.762327
Cambodia,2010,87.097,12.902999999999999,20.486126
Cambodia,2011,81.818,18.182000000000002,21.179335
Cambodia,2012,37.226,62.774,17.932665
Cambodia,2013,27.168,72.833,21.553373
Cambodia,2014,34.449,65.551,19.628521
Cambodia,2015,49.295,50.704,17.769304
Cambodia,2016,48.25,51.749,19.305758
Cambodia,2017,54.653000000000006,45.347,18.425598
Cambodia,2018,37.186,62.815000000000005,21.512691
Cambodia,2019,46.626999999999995,53.372,18.97558
Cambodia,2020,45.325,54.675,20.936775
Cambodia,2021,47.066,52.935,19.577787
Cameroon,2000,1.159,98.841,56.248615
Cameroon,2001,1.714,98.286,47.185436
Cameroon,2002,3.374,96.626,50.30199
Cameroon,2003,4.121,95.879,48.33183
Cameroon,2004,4.433,95.567,54.905003
Cameroon,2005,5.57,94.43,51.47357
Cameroon,2006,12.301,87.699,52.498913
Cameroon,2007,24.554,75.446,54.497063
Cameroon,2008,23.54,76.46,55.279896
Cameroon,2009,28.546,71.454,53.569553
Cameroon,2010,26.095,73.905,52.89419
Cameroon,2011,24.084,75.916,52.64774
Cameroon,2012,20.566,79.434,54.644646
Cameroon,2013,29.593,70.407,52.827312
Cameroon,2014,34.933,65.06800000000001,51.639133
Cameroon,2015,43.766,56.234,61.726917
Cameroon,2016,37.283,62.717000000000006,58.147766
Cameroon,2017,35.459,64.541,58.35844
Cameroon,2018,39.734,60.266,54.4022
Cameroon,2019,35.808,64.192,52.86124
Cameroon,2020,34.258,65.742,53.477734
Cameroon,2021,37.64,62.36,53.147438
Canada,1990,22.544,77.425,9.414963
Canada,1991,21.942,78.028,9.450653
Canada,1992,22.896000000000004,77.07300000000001,9.391431
Canada,1993,20.687,79.28,9.332208
Canada,1994,20.279,79.691,9.272985
Canada,1995,21.131,78.589,9.403589
Canada,1996,20.234,79.478,9.15454
Canada,1997,23.023999999999997,76.68,9.095317
Canada,1998,26.561999999999998,73.119,9.036095
Canada,1999,25.768000000000004,73.921,8.976872
Canada,2000,26.436999999999998,73.56299999999999,8.822736
Canada,2001,27.942,72.05799999999999,8.953159
Canada,2002,26.564999999999998,73.43400000000001,8.747942
Canada,2003,27.491,72.509,8.853675
Canada,2004,25.56,74.441,8.100883
Canada,2005,24.861,75.13799999999999,8.5961895
Canada,2006,23.575,76.425,8.183283
Canada,2007,24.366999999999997,75.63300000000001,7.96326
Canada,2008,22.986,77.01299999999999,7.6885304
Canada,2009,21.804,78.196,7.3658624
Canada,2010,22.358,77.642,7.1381617
Canada,2011,21.47,78.52900000000001,7.4065723
Canada,2012,20.285,79.714,6.916027
Canada,2013,19.267,80.733,7.1443505
Canada,2014,19.297,80.702,7.459816
Canada,2015,19.673000000000002,80.326,7.3895273
Canada,2016,18.972,81.02699999999999,6.174152
Canada,2017,17.636000000000003,82.364,6.912135
Canada,2018,17.686999999999998,82.312,7.137877
Canada,2019,17.622,82.37799999999999,6.4463754
Canada,2020,16.374,83.626,6.0263953
Canada,2021,17.874,82.12599999999999,7.8376923
Canada,2022,17.368000000000002,82.632,6.389485
Cape Verde,2000,92.857,7.143,26.299477
Cape Verde,2001,93.75,6.25,19.553858
Cape Verde,2002,94.444,5.556,21.558876
Cape Verde,2003,100.0,0.0,18.26599
Cape Verde,2004,95.238,4.762,20.297394
Cape Verde,2005,95.652,4.348,19.848616
Cape Verde,2006,95.833,4.167,19.416094
Cape Verde,2007,96.154,3.846,20.270512
Cape Verde,2008,96.296,3.704,20.116848
Cape Verde,2009,96.429,3.571,15.398658
Cape Verde,2010,100.0,0.0,15.547961
Cape Verde,2011,91.429,8.571000000000002,19.562082
Cape Verde,2012,80.556,19.445,24.108545
Cape Verde,2013,76.923,23.077,17.01371
Cape Verde,2014,78.049,21.951,16.040276
Cape Verde,2015,78.049,21.951,25.508633
Cape Verde,2016,79.07,20.931,20.611164
Cape Verde,2017,82.609,17.391000000000002,24.375803
Cape Verde,2018,80.435,19.564999999999998,16.921833
Cape Verde,2019,82.609,17.391000000000002,18.511362
Cape Verde,2020,83.721,16.279,20.330778
Cape Verde,2021,84.444,15.555,19.08963
Central African Republic,2000,20.0,80.0,32.516685
Central African Republic,2001,20.0,80.0,31.422472
Central African Republic,2002,20.0,80.0,31.723598
Central African Republic,2003,20.0,80.0,30.332794
Central African Republic,2004,20.0,80.0,34.98165
Central African Republic,2005,18.75,81.25,31.361471
Central African Republic,2006,17.647,82.353,32.813354
Central African Republic,2007,12.5,87.5,34.485012
Central African Republic,2008,12.5,87.5,36.59767
Central African Republic,2009,12.5,87.5,38.10753
Central African Republic,2010,18.75,81.25,35.907513
Central African Republic,2011,16.667,83.333,39.222546
Central African Republic,2012,16.667,83.333,36.4657
Central African Republic,2013,0.0,100.0,38.174335
Central African Republic,2014,0.0,100.0,33.74659
Central African Republic,2015,0.0,100.0,37.406544
Central African Republic,2016,0.0,100.0,36.24536
Central African Republic,2017,0.0,100.0,35.146736
Central African Republic,2018,0.0,100.0,35.060196
Central African Republic,2019,0.0,100.0,34.04932
Central African Republic,2020,0.0,100.0,35.242275
Central African Republic,2021,0.0,100.0,33.257744
Chad,2000,88.889,11.111,45.699326
Chad,2001,90.0,10.0,40.535908
Chad,2002,90.0,10.0,43.620087
Chad,2003,90.909,9.091,42.415684
Chad,2004,91.667,8.333,47.063503
Chad,2005,91.667,8.333,45.435112
Chad,2006,92.308,7.692,46.20278
Chad,2007,100.0,0.0,45.460464
Chad,2008,100.0,0.0,45.11606
Chad,2009,94.444,5.556,45.177586
Chad,2010,94.737,5.263,43.43067
Chad,2011,94.737,5.263,44.86997
Chad,2012,100.0,0.0,43.961006
Chad,2013,100.0,0.0,42.920418
Chad,2014,100.0,0.0,42.63945
Chad,2015,100.0,0.0,53.010532
Chad,2016,96.552,3.448,49.54723
Chad,2017,96.667,3.333,47.835526
Chad,2018,96.667,3.333,43.871674
Chad,2019,96.774,3.226,41.553642
Chad,2020,96.552,3.448,41.44935
Chad,2021,96.774,3.226,40.24918
Chile,2000,52.494,51.041,27.420986
Chile,2001,48.227999999999994,55.916000000000004,27.411604
Chile,2002,46.896,57.307,27.12014
Chile,2003,51.617000000000004,52.138000000000005,27.112597
Chile,2004,57.111000000000004,47.063,25.975527
Chile,2005,49.782,53.753,25.590914
Chile,2006,47.675999999999995,54.995,22.774204
Chile,2007,60.182,44.634,21.679317
Chile,2008,57.814,48.55,21.81975
Chile,2009,56.659,49.32299999999999,21.737232
Chile,2010,63.00999999999999,42.846,21.598528
Chile,2011,66.086,40.868,23.882053
Chile,2012,68.68900000000001,40.409,21.565271
Chile,2013,70.412,39.70399999999999,21.40233
Chile,2014,63.631,43.502,21.808718
Chile,2015,61.839999999999996,45.918,22.621037
Chile,2016,66.916,42.247,22.464973
Chile,2017,60.495,49.461,21.660315
Chile,2018,57.141000000000005,54.518,20.599787
Chile,2019,58.354000000000006,51.635999999999996,20.75545
Chile,2020,56.193,52.684,20.01027
Chile,2021,57.294000000000004,50.367,22.063486
Chile,2022,47.044000000000004,59.888999999999996,29.170523
China,1990,79.586,20.413,43.06105
China,1991,81.585,18.413,42.843685
China,1992,82.63399999999999,17.366,43.068016
China,1993,81.052,18.948,43.292347
China,1994,80.27199999999999,19.728,43.516674
China,1995,79.44000000000001,20.560000000000002,42.85761
China,1996,81.13900000000001,18.862000000000002,43.965336
China,1997,81.213,18.787,44.189667
China,1998,81.504,18.494999999999997,44.413998
China,1999,82.68900000000001,17.31,44.63833
China,2000,82.12599999999999,17.874000000000002,45.304356
China,2001,79.863,20.137999999999998,45.69875
China,2002,80.862,19.137999999999998,46.12891
China,2003,82.69500000000001,17.304,45.739746
China,2004,81.48700000000001,18.514,45.255028
China,2005,81.704,18.296,46.132854
China,2006,82.49799999999999,17.502,49.947025
China,2007,82.848,17.151999999999997,51.673473
China,2008,79.018,20.981,51.088238
China,2009,80.22899999999998,19.772000000000002,49.94222
China,2010,79.435,20.566,48.9504
China,2011,81.25200000000001,18.75,52.72723
China,2012,77.898,22.103,48.65782
China,2013,77.723,22.278000000000002,51.749783
China,2014,75.341,24.660999999999998,52.50966
China,2015,72.96000000000001,27.04,49.47322
China,2016,71.499,28.5,45.28061
China,2017,70.79700000000001,29.203,43.091103
China,2018,70.08200000000001,29.916999999999998,38.505753
China,2019,68.327,31.673,37.202446
China,2020,67.019,32.98,33.690704
China,2021,66.289,33.663000000000004,31.918522
China,2022,64.602,35.449,31.895775
Colombia,2000,24.200000000000003,75.8,29.41532
Colombia,2001,25.382,74.61800000000001,25.460203
Colombia,2002,23.254,76.747,26.015472
Colombia,2003,21.053,78.94800000000001,27.516014
Colombia,2004,18.185000000000002,81.818,24.90056
Colombia,2005,19.676,80.32399999999998,24.601637
Colombia,2006,19.211,80.789,20.988018
Colombia,2007,18.321,81.678,18.913876
Colombia,2008,15.957,84.04299999999999,19.005495
Colombia,2009,26.446,73.55300000000001,18.949574
Colombia,2010,28.188,71.812,20.615576
Colombia,2011,17.159000000000002,82.841,19.423378
Colombia,2012,21.407,78.593,18.56844
Colombia,2013,30.074,69.926,18.49549
Colombia,2014,30.397999999999996,69.601,19.138988
Colombia,2015,35.712999999999994,64.288,19.234858
Colombia,2016,33.557,66.443,19.673872
Colombia,2017,20.747,79.254,18.457157
Colombia,2018,24.131999999999998,75.868,18.386019
Colombia,2019,30.506,69.495,19.706724
Colombia,2020,35.222,64.778,19.167614
Colombia,2021,26.078,73.922,16.664028
Colombia,2022,24.503999999999998,75.497,18.852718
Comoros,2000,100.0,0.0,11.713515
Comoros,2001,100.0,0.0,12.694101
Comoros,2002,100.0,0.0,11.75667
Comoros,2003,100.0,0.0,11.95588
Comoros,2004,100.0,0.0,11.353716
Comoros,2005,100.0,0.0,11.458627
Comoros,2006,100.0,0.0,11.90193
Comoros,2007,100.0,0.0,11.95606
Comoros,2008,100.0,0.0,11.846777
Comoros,2009,100.0,0.0,11.642606
Comoros,2010,100.0,0.0,11.990893
Comoros,2011,100.0,0.0,11.058268
Comoros,2012,100.0,0.0,11.259716
Comoros,2013,100.0,0.0,11.825801
Comoros,2014,100.0,0.0,9.178417
Comoros,2015,100.0,0.0,9.367397
Comoros,2016,100.0,0.0,9.674111
Comoros,2017,100.0,0.0,10.946575
Comoros,2018,100.0,0.0,10.69705
Comoros,2019,100.0,0.0,10.596692
Comoros,2020,100.0,0.0,10.220972
Comoros,2021,100.0,0.0,9.931692
Congo,2000,0.0,100.0,37.21658
Congo,2001,0.0,100.0,39.8528
Congo,2002,0.0,100.0,38.18307
Congo,2003,10.0,90.0,39.7185
Congo,2004,10.256,89.743,41.034546
Congo,2005,11.905,88.095,39.56255
Congo,2006,11.364,88.636,32.433975
Congo,2007,15.0,85.0,32.185276
Congo,2008,18.75,81.25,34.532093
Congo,2009,30.769,69.23100000000001,35.293015
Congo,2010,42.105000000000004,57.895,38.281532
Congo,2011,36.29,63.708999999999996,36.077087
Congo,2012,39.025,60.976,36.216766
Congo,2013,40.606,59.394000000000005,40.127625
Congo,2014,42.857,57.141999999999996,36.43061
Congo,2015,57.303,42.696999999999996,37.689564
Congo,2016,58.658,41.343,36.12003
Congo,2017,56.492000000000004,43.507999999999996,32.866146
Congo,2018,61.278999999999996,38.720000000000006,35.044186
Congo,2019,74.317,25.683,35.55389
Congo,2020,74.935,25.066,37.38089
Congo,2021,76.119,23.881,36.745674
Costa Rica,2000,1.022,98.979,20.772001
Costa Rica,2001,1.597,98.404,20.086864
Costa Rica,2002,2.156,97.84400000000001,20.48538
Costa Rica,2003,2.606,97.393,20.721083
Costa Rica,2004,0.878,99.12100000000001,19.033327
Costa Rica,2005,3.436,96.56499999999998,19.523802
Costa Rica,2006,6.177,93.82300000000001,18.869625
Costa Rica,2007,7.727,92.274,18.58858
Costa Rica,2008,7.265,92.735,18.804493
Costa Rica,2009,5.64,94.36,19.139786
Costa Rica,2010,7.497,92.50200000000001,19.958508
Costa Rica,2011,9.381,90.61900000000001,19.311235
Costa Rica,2012,8.955,91.04599999999999,18.555656
Costa Rica,2013,12.166,87.834,19.054049
Costa Rica,2014,10.88,89.119,18.361614
Costa Rica,2015,2.416,97.584,19.053427
Costa Rica,2016,3.226,96.774,18.26254
Costa Rica,2017,1.863,98.136,18.35369
Costa Rica,2018,2.71,97.28999999999999,17.619957
Costa Rica,2019,2.187,97.81300000000002,17.841295
Costa Rica,2020,1.618,98.381,17.967781
Costa Rica,2021,1.259,98.741,18.05499
Costa Rica,2022,1.979,98.02,18.241308
Cote d'Ivoire,2000,61.957,38.043,26.024961
Cote d'Ivoire,2001,61.965999999999994,38.034,20.546824
Cote d'Ivoire,2002,66.20599999999999,33.794,24.665209
Cote d'Ivoire,2003,62.834,37.166,20.205828
Cote d'Ivoire,2004,66.53800000000001,33.462,30.807745
Cote d'Ivoire,2005,73.258,26.742,24.448835
Cote d'Ivoire,2006,71.645,28.355,24.426456
Cote d'Ivoire,2007,66.22399999999999,33.776,25.727612
Cote d'Ivoire,2008,65.441,34.559,26.357445
Cote d'Ivoire,2009,62.051,37.95,23.528074
Cote d'Ivoire,2010,71.53,28.47,20.085485
Cote d'Ivoire,2011,69.497,30.503,24.188011
Cote d'Ivoire,2012,73.26299999999999,26.737,22.457825
Cote d'Ivoire,2013,77.917,22.083,18.498795
Cote d'Ivoire,2014,75.831,24.169,17.67478
Cote d'Ivoire,2015,83.57900000000001,16.422,26.218239
Cote d'Ivoire,2016,83.11,16.89,23.774553
Cote d'Ivoire,2017,79.762,20.238,21.434143
Cote d'Ivoire,2018,69.215,30.786,19.879843
Cote d'Ivoire,2019,65.469,34.531,18.81558
Cote d'Ivoire,2020,68.212,31.788,22.05561
Cote d'Ivoire,2021,69.855,30.146,21.35402
Croatia,1990,55.644,44.357,27.74089
Croatia,1991,35.507000000000005,64.493,27.423117
Croatia,1992,51.011,48.988,27.069727
Croatia,1993,52.247,47.753,26.716337
Croatia,1994,37.97,62.029999999999994,26.362947
Croatia,1995,38.619,61.381,26.080788
Croatia,1996,29.543,70.45700000000001,25.656168
Croatia,1997,42.815,57.185,25.302778
Croatia,1998,47.336,52.663000000000004,24.949389
Croatia,1999,43.451,56.547999999999995,24.596
Croatia,2000,42.718,57.282,24.206995
Croatia,2001,43.774,56.226,23.883131
Croatia,2002,53.974,46.027,27.348188
Croatia,2003,58.606,41.395,29.139915
Croatia,2004,45.068999999999996,54.932,25.084213
Croatia,2005,45.942,54.059,26.599012
Croatia,2006,48.529,51.47,23.694479
Croatia,2007,62.201,37.79899999999999,21.869131
Croatia,2008,54.304,45.696,20.680204
Croatia,2009,43.97,56.031,21.075308
Croatia,2010,37.119,62.88100000000001,21.131826
Croatia,2011,52.983000000000004,47.016999999999996,24.267057
Croatia,2012,50.331,49.669000000000004,20.597496
Croatia,2013,33.477,66.524,19.46595
Croatia,2014,26.041,73.959,18.233788
Croatia,2015,33.156000000000006,66.84400000000001,20.40133
Croatia,2016,33.756,66.244,19.510303
Croatia,2017,39.61,60.38999999999999,18.828392
Croatia,2018,27.823,72.178,19.690413
Croatia,2019,34.044000000000004,65.956,16.350185
Croatia,2020,35.424,64.577,15.536369
Croatia,2021,30.357,69.642,15.831198
Croatia,2022,36.68599999999999,63.31400000000001,16.833351
Cuba,2000,99.366,0.634,11.917043
Cuba,2001,99.515,0.485,11.526858
Cuba,2002,99.325,0.675,11.899494
Cuba,2003,99.12899999999999,0.871,11.121356
Cuba,2004,99.39,0.61,10.52314
Cuba,2005,82.214,17.784999999999997,10.893468
Cuba,2006,90.065,9.936,10.733337
Cuba,2007,88.374,11.627,10.237486
Cuba,2008,88.182,11.818,9.961437
Cuba,2009,88.689,11.311,9.701499
Cuba,2010,89.445,10.555,9.657588
Cuba,2011,89.599,10.401,10.503079
Cuba,2012,89.522,10.478000000000002,9.313865
Cuba,2013,90.259,9.74,9.4155035
Cuba,2014,90.17399999999999,9.825,9.115602
Cuba,2015,90.374,9.625,9.345896
Cuba,2016,91.021,8.978,9.082784
Cuba,2017,90.614,9.387,9.554499
Cuba,2018,89.81700000000001,10.184000000000001,9.738219
Cuba,2019,84.69,15.31,9.262145
Cuba,2020,83.172,16.828,9.975779
Cuba,2021,83.393,16.607,9.826244
Cyprus,1990,100.0,0.0,25.418694
Cyprus,1991,100.0,0.0,26.242203
Cyprus,1992,100.0,0.0,26.449291
Cyprus,1993,100.0,0.0,26.65638
Cyprus,1994,100.0,0.0,26.863468
Cyprus,1995,100.0,0.0,28.303396
Cyprus,1996,100.0,0.0,27.277647
Cyprus,1997,100.0,0.0,27.484735
Cyprus,1998,100.0,0.0,27.691824
Cyprus,1999,100.0,0.0,27.898912
Cyprus,2000,100.0,0.0,27.489582
Cyprus,2001,100.0,0.0,26.901701
Cyprus,2002,100.0,0.0,26.885912
Cyprus,2003,100.0,0.0,28.160368
Cyprus,2004,100.0,0.0,26.13658
Cyprus,2005,100.0,0.0,26.163189
Cyprus,2006,100.0,0.0,21.81298
Cyprus,2007,100.0,0.0,20.358362
Cyprus,2008,99.803,0.197,21.05495
Cyprus,2009,99.424,0.576,21.250843
Cyprus,2010,98.499,1.501,22.21284
Cyprus,2011,96.545,3.455,23.680216
Cyprus,2012,94.492,5.508000000000001,24.854956
Cyprus,2013,92.308,7.693,18.471851
Cyprus,2014,92.857,7.142,18.530422
Cyprus,2015,91.189,8.809999999999999,17.928179
Cyprus,2016,91.207,8.792,16.682615
Cyprus,2017,91.4,8.6,17.63143
Cyprus,2018,90.514,9.487,15.843425
Cyprus,2019,89.903,10.097000000000001,16.488895
Cyprus,2020,87.629,12.371,16.882944
Cyprus,2021,84.766,15.235,16.406424
Cyprus,2022,83.08,16.921,21.396767
Czechia,1990,77.91900000000001,22.081,26.829311
Czechia,1991,78.076,21.924,26.453274
Czechia,1992,76.885,23.116,25.868185
Czechia,1993,75.86500000000001,24.135,25.283096
Czechia,1994,74.726,25.274,24.698008
Czechia,1995,75.833,24.165999999999997,24.531021
Czechia,1996,76.32700000000001,23.672,23.52783
Czechia,1997,77.13699999999999,22.863000000000003,22.942741
Czechia,1998,76.52399999999999,23.476000000000003,22.357653
Czechia,1999,75.503,24.497999999999998,21.772564
Czechia,2000,78.22999999999999,21.769000000000002,20.978424
Czechia,2001,76.664,23.336000000000002,21.599775
Czechia,2002,71.407,28.592000000000002,23.943298
Czechia,2003,66.493,33.507,24.817331
Czechia,2004,65.306,34.694,21.447325
Czechia,2005,65.99499999999999,34.004,22.84584
Czechia,2006,64.655,35.346000000000004,21.279964
Czechia,2007,66.28699999999999,33.713,19.745678
Czechia,2008,63.652,36.347,18.178146
Czechia,2009,60.962,39.036,19.235426
Czechia,2010,60.218,39.781,21.629076
Czechia,2011,59.017,40.983000000000004,20.58949
Czechia,2012,55.674,44.325,18.36497
Czechia,2013,53.398,46.602999999999994,19.167261
Czechia,2014,53.535,46.465999999999994,18.681046
Czechia,2015,56.071999999999996,43.928999999999995,16.773802
Czechia,2016,59.164,40.837,16.537712
Czechia,2017,55.736000000000004,44.26499999999999,16.450356
Czechia,2018,54.696999999999996,45.303,17.688978
Czechia,2019,52.979000000000006,47.021,13.419654
Czechia,2020,49.556,50.443,12.767926
Czechia,2021,50.507000000000005,49.492,13.927163
Czechia,2022,51.251000000000005,48.748999999999995,12.850111
Democratic Republic of Congo,2000,0.0,100.0,37.304024
Democratic Republic of Congo,2001,0.0,100.0,39.476204
Democratic Republic of Congo,2002,0.165,99.835,38.77073
Democratic Republic of Congo,2003,0.164,99.836,38.685497
Democratic Republic of Congo,2004,0.142,99.858,40.82266
Democratic Republic of Congo,2005,0.136,99.864,39.559765
Democratic Republic of Congo,2006,0.268,99.732,35.5554
Democratic Republic of Congo,2007,0.386,99.614,35.10194
Democratic Republic of Congo,2008,0.537,99.463,36.529903
Democratic Republic of Congo,2009,0.387,99.613,36.584564
Democratic Republic of Congo,2010,1.023,98.977,39.910423
Democratic Republic of Congo,2011,1.024,98.976,37.505005
Democratic Republic of Congo,2012,0.133,99.867,40.510853
Democratic Republic of Congo,2013,0.123,99.877,41.389904
Democratic Republic of Congo,2014,0.114,99.886,36.361134
Democratic Republic of Congo,2015,0.113,99.887,40.494297
Democratic Republic of Congo,2016,0.111,99.889,36.960663
Democratic Republic of Congo,2017,0.318,99.68199999999999,32.73662
Democratic Republic of Congo,2018,0.287,99.714,33.494633
Democratic Republic of Congo,2019,0.271,99.729,37.4094
Democratic Republic of Congo,2020,0.251,99.74900000000001,36.242294
Democratic Republic of Congo,2021,0.272,99.729,36.846344
Denmark,1990,96.805,3.194,16.947691
Denmark,1991,97.09800000000001,2.901,16.747814
Denmark,1992,95.577,4.423,16.547663
Denmark,1993,95.261,4.738,16.347513
Denmark,1994,95.71199999999999,4.288,16.147362
Denmark,1995,94.93699999999998,5.063,15.94776
Denmark,1996,96.11600000000001,3.883,15.74706
Denmark,1997,93.383,6.617,15.546909
Denmark,1998,90.434,9.567,15.346759
Denmark,1999,88.737,11.262,15.146608
Denmark,2000,84.528,15.472000000000001,14.946183
Denmark,2001,84.491,15.509,12.69943
Denmark,2002,82.71400000000001,17.286,13.849084
Denmark,2003,82.517,17.482,15.272687
Denmark,2004,76.448,23.552,12.693541
Denmark,2005,72.95100000000001,27.05,13.557463
Denmark,2006,79.82999999999998,20.171,12.069917
Denmark,2007,73.798,26.201999999999998,11.142692
Denmark,2008,72.42,27.581,10.923699
Denmark,2009,72.348,27.653,11.417805
Denmark,2010,68.021,31.979,11.364555
Denmark,2011,59.766,40.233,13.461092
Denmark,2012,51.661,48.339,9.66883
Denmark,2013,54.059,45.941,9.176123
Denmark,2014,44.113,55.88699999999999,11.032343
Denmark,2015,34.567,65.434,9.097056
Denmark,2016,39.804,60.19599999999999,8.700106
Denmark,2017,29.746000000000002,70.254,8.492139
Denmark,2018,31.653,68.347,10.299935
Denmark,2019,21.823,78.17699999999999,9.088628
Denmark,2020,18.378,81.623,7.566998
Denmark,2021,21.052,78.94600000000001,7.8323317
Denmark,2022,16.037,83.96300000000001,8.204152
Djibouti,2000,100.0,0.0,41.247074
Djibouti,2001,100.0,0.0,40.86412
Djibouti,2002,100.0,0.0,39.69961
Djibouti,2003,100.0,0.0,36.48045
Djibouti,2004,100.0,0.0,37.454144
Djibouti,2005,100.0,0.0,36.908985
Djibouti,2006,100.0,0.0,36.38933
Djibouti,2007,100.0,0.0,37.155163
Djibouti,2008,100.0,0.0,37.74789
Djibouti,2009,100.0,0.0,37.379223
Djibouti,2010,100.0,0.0,38.104515
Djibouti,2011,100.0,0.0,43.70354
Djibouti,2012,100.0,0.0,46.864956
Djibouti,2013,100.0,0.0,43.875618
Djibouti,2014,100.0,0.0,38.76233
Djibouti,2015,100.0,0.0,43.39052
Djibouti,2016,100.0,0.0,40.518696
Djibouti,2017,100.0,0.0,43.754177
Djibouti,2018,100.0,0.0,40.951294
Djibouti,2019,100.0,0.0,41.11774
Djibouti,2020,100.0,0.0,39.828934
Djibouti,2021,100.0,0.0,36.214386
Dominica,2000,57.143,42.857,12.913009
Dominica,2001,62.5,37.5,12.699459
Dominica,2002,57.143,42.857,13.188887
Dominica,2003,62.5,37.5,11.908866
Dominica,2004,57.143,42.857,11.32357
Dominica,2005,62.5,37.5,11.974969
Dominica,2006,62.5,37.5,12.122619
Dominica,2007,75.0,25.0,11.646383
Dominica,2008,75.0,25.0,11.755975
Dominica,2009,75.0,25.0,12.504065
Dominica,2010,77.778,22.222,13.191198
Dominica,2011,60.0,40.0,11.613054
Dominica,2012,70.0,30.0,12.376943
Dominica,2013,60.0,40.0,10.1184025
Dominica,2014,70.0,30.0,8.978173
Dominica,2015,80.0,20.0,12.114099
Dominica,2016,63.636,36.364,12.751617
Dominica,2017,62.5,37.5,12.406925
Dominica,2018,66.667,33.333,12.304883
Dominica,2019,77.778,22.222,11.011087
Dominica,2020,75.0,25.0,11.470837
Dominica,2021,76.471,23.529,12.370481
Dominican Republic,2000,90.729,9.271,15.332504
Dominican Republic,2001,92.835,7.165,14.184131
Dominican Republic,2002,92.658,7.342,14.772587
Dominican Republic,2003,90.533,9.467,14.424089
Dominican Republic,2004,85.689,14.311,12.913716
Dominican Republic,2005,84.149,15.851,14.056175
Dominican Republic,2006,86.652,13.349,13.725013
Dominican Republic,2007,87.574,12.427,13.097684
Dominican Republic,2008,88.226,11.775,12.770615
Dominican Republic,2009,87.403,12.597,12.301298
Dominican Republic,2010,89.41399999999999,10.587,13.658649
Dominican Republic,2011,89.34400000000001,10.657000000000002,12.37192
Dominican Republic,2012,87.777,12.222999999999999,11.904711
Dominican Republic,2013,86.909,13.091,12.130155
Dominican Republic,2014,89.92,10.08,12.779822
Dominican Republic,2015,92.19399999999999,7.806,13.023806
Dominican Republic,2016,88.537,11.461,13.116417
Dominican Republic,2017,84.535,15.465,14.018454
Dominican Republic,2018,86.043,13.959,13.970053
Dominican Republic,2019,87.753,12.247,13.269482
Dominican Republic,2020,82.573,17.427,12.889664
Dominican Republic,2021,83.059,16.942,13.666329
East Timor,2003,100.0,0.0,15.116451
East Timor,2004,100.0,0.0,16.87128
East Timor,2005,100.0,0.0,15.5513315
East Timor,2006,100.0,0.0,13.922466
East Timor,2007,100.0,0.0,13.064302
East Timor,2008,100.0,0.0,13.73871
East Timor,2009,100.0,0.0,13.953546
East Timor,2010,100.0,0.0,13.573674
East Timor,2011,100.0,0.0,15.615845
East Timor,2012,100.0,0.0,14.895848
East Timor,2013,100.0,0.0,12.014616
East Timor,2014,100.0,0.0,13.583404
East Timor,2015,100.0,0.0,12.490148
East Timor,2016,100.0,0.0,11.844514
East Timor,2017,100.0,0.0,12.826807
East Timor,2018,100.0,0.0,12.926398
East Timor,2019,100.0,0.0,13.194188
East Timor,2020,100.0,0.0,11.152725
East Timor,2021,100.0,0.0,12.9170685
Ecuador,2000,27.246,72.754,37.838844
Ecuador,2001,34.823,65.177,38.630596
Ecuador,2002,35.498,64.502,38.30995
Ecuador,2003,36.631,63.369,38.23442
Ecuador,2004,42.704,57.295,37.76554
Ecuador,2005,41.858000000000004,58.141,37.63311
Ecuador,2006,45.636,54.364000000000004,25.345966
Ecuador,2007,44.183,55.817,19.143269
Ecuador,2008,36.582,63.418,19.130667
Ecuador,2009,46.626000000000005,53.374,18.987036
Ecuador,2010,52.051,47.948,21.208342
Ecuador,2011,42.605999999999995,57.395,18.975708
Ecuador,2012,43.283,56.717,18.042435
Ecuador,2013,48.93000000000001,51.069,18.051737
Ecuador,2014,48.443999999999996,51.556,17.785963
Ecuador,2015,45.214999999999996,54.785000000000004,18.25825
Ecuador,2016,39.683,60.317,18.822594
Ecuador,2017,26.581,73.419,18.277895
Ecuador,2018,27.454,72.546,18.607645
Ecuador,2019,21.957,78.043,18.880438
Ecuador,2020,20.62,79.38000000000001,18.742674
Ecuador,2021,19.480999999999998,80.52000000000001,18.605495
Ecuador,2022,24.275000000000002,75.72500000000001,19.801254
Egypt,1990,76.275,23.724,46.53452
Egypt,1991,77.086,22.913,48.658245
Egypt,1992,78.21600000000001,21.784,48.908943
Egypt,1993,78.406,21.594,49.159645
Egypt,1994,77.904,22.097,49.410347
Egypt,1995,77.904,22.096,53.407097
Egypt,1996,78.563,21.437,49.911747
Egypt,1997,79.271,20.729,50.162445
Egypt,1998,80.057,19.943,50.413147
Egypt,1999,79.53399999999999,20.466,50.663845
Egypt,2000,81.60300000000001,18.397,49.04152
Egypt,2001,80.849,19.151,49.957466
Egypt,2002,84.75399999999999,15.246,51.84427
Egypt,2003,85.345,14.655000000000001,61.10191
Egypt,2004,86.447,13.553,57.696053
Egypt,2005,87.33000000000001,12.668999999999999,51.092155
Egypt,2006,87.744,12.255,44.41903
Egypt,2007,86.378,13.622,40.757763
Egypt,2008,87.577,12.421999999999999,40.9756
Egypt,2009,89.474,10.526,42.95634
Egypt,2010,90.873,9.127,46.32629
Egypt,2011,90.737,9.263,40.897755
Egypt,2012,91.271,8.729000000000001,42.641464
Egypt,2013,91.286,8.714,46.55548
Egypt,2014,91.237,8.762,43.59683
Egypt,2015,91.606,8.394,45.69302
Egypt,2016,91.824,8.177,45.034542
Egypt,2017,92.11,7.89,45.00864
Egypt,2018,91.329,8.671,44.918594
Egypt,2019,89.33800000000001,10.661999999999999,44.626217
Egypt,2020,88.996,11.004999999999999,39.746014
Egypt,2021,88.61399999999999,11.386,41.51383
Egypt,2022,88.779,11.221,42.20681
El Salvador,2000,45.576,54.423,39.78407
El Salvador,2001,38.522,61.478,35.08892
El Salvador,2002,39.547,60.453,35.73392
El Salvador,2003,34.192,65.80799999999999,36.259903
El Salvador,2004,37.097,62.903,32.099808
El Salvador,2005,34.82,65.18,33.7503
El Salvador,2006,37.679,62.321,29.376257
El Salvador,2007,38.636,61.364000000000004,27.811792
El Salvador,2008,34.725,65.276,29.233366
El Salvador,2009,40.684,59.315999999999995,29.775488
El Salvador,2010,33.501,66.499,31.14955
El Salvador,2011,32.348,67.652,31.77648
El Salvador,2012,33.227,66.773,28.844969
El Salvador,2013,34.29,65.709,31.248295
El Salvador,2014,33.654,66.34700000000001,28.681498
El Salvador,2015,40.599,59.400999999999996,28.900692
El Salvador,2016,38.87,61.129,28.327272
El Salvador,2017,28.233,71.767,29.325674
El Salvador,2018,25.891,74.10900000000001,29.949497
El Salvador,2019,30.718,69.28200000000001,30.613876
El Salvador,2020,20.607,79.393,31.185858
El Salvador,2021,20.427,79.57300000000001,28.606588
El Salvador,2022,26.771,73.22800000000001,29.793837
Equatorial Guinea,2000,88.889,11.111,41.651394
Equatorial Guinea,2001,83.333,16.667,36.975338
Equatorial Guinea,2002,90.909,9.091,38.015385
Equatorial Guinea,2003,91.667,8.333,35.347595
Equatorial Guinea,2004,94.118,5.882,38.950924
Equatorial Guinea,2005,95.0,5.0,36.293995
Equatorial Guinea,2006,96.154,3.846,33.066803
Equatorial Guinea,2007,96.875,3.125,33.729824
Equatorial Guinea,2008,89.13,10.87,36.005672
Equatorial Guinea,2009,90.196,9.804,33.643806
Equatorial Guinea,2010,94.828,5.172,36.5181
Equatorial Guinea,2011,95.385,4.615,35.997543
Equatorial Guinea,2012,89.333,10.667,37.178665
Equatorial Guinea,2013,73.958,26.042,39.25112
Equatorial Guinea,2014,65.138,34.862,35.015854
Equatorial Guinea,2015,63.846,36.154,42.63131
Equatorial Guinea,2016,66.429,33.571,42.10421
Equatorial Guinea,2017,67.164,32.836,38.12946
Equatorial Guinea,2018,67.407,32.593,36.147736
Equatorial Guinea,2019,67.857,32.143,37.86491
Equatorial Guinea,2020,65.248,34.752,40.919228
Equatorial Guinea,2021,69.014,30.986,41.593346
Eritrea,2000,100.0,0.0,40.01463
Eritrea,2001,100.0,0.0,35.77582
Eritrea,2002,100.0,0.0,35.228607
Eritrea,2003,100.0,0.0,34.429024
Eritrea,2004,100.0,0.0,33.80239
Eritrea,2005,100.0,0.0,37.30496
Eritrea,2006,100.0,0.0,31.708727
Eritrea,2007,100.0,0.0,30.01306
Eritrea,2008,100.0,0.0,30.195927
Eritrea,2009,100.0,0.0,29.600332
Eritrea,2010,100.0,0.0,32.174854
Eritrea,2011,100.0,0.0,34.837666
Eritrea,2012,100.0,0.0,34.246593
Eritrea,2013,100.0,0.0,35.265022
Eritrea,2014,100.0,0.0,29.141682
Eritrea,2015,100.0,0.0,34.935364
Eritrea,2016,100.0,0.0,33.337334
Eritrea,2017,97.561,2.439,37.910767
Eritrea,2018,97.674,2.326,35.096695
Eritrea,2019,97.727,2.273,33.239132
Eritrea,2020,97.619,2.381,30.906048
Eritrea,2021,97.778,2.222,30.326048
Estonia,1990,100.0,0.0,19.345533
Estonia,1991,100.0,0.0,19.242517
Estonia,1992,100.0,0.0,18.939041
Estonia,1993,100.0,0.0,18.635567
Estonia,1994,100.0,0.0,18.33209
Estonia,1995,99.885,0.115,18.429535
Estonia,1996,100.0,0.0,17.725142
Estonia,1997,99.892,0.108,17.421665
Estonia,1998,99.883,0.117,17.11819
Estonia,1999,99.87899999999999,0.121,16.814714
Estonia,2000,99.883,0.118,16.31078
Estonia,2001,99.76400000000001,0.236,15.589208
Estonia,2002,99.648,0.35100000000000003,17.304268
Estonia,2003,99.50800000000001,0.491,14.743914
Estonia,2004,99.418,0.5820000000000001,13.525638
Estonia,2005,98.92099999999999,1.0779999999999998,13.1754675
Estonia,2006,98.664,1.3359999999999999,11.319381
Estonia,2007,98.85,1.149,10.323961
Estonia,2008,98.11,1.891,9.884388
Estonia,2009,93.85,6.151,9.458447
Estonia,2010,91.904,8.094999999999999,10.470734
Estonia,2011,90.845,9.154,8.579154
Estonia,2012,87.709,12.290000000000001,8.667762
Estonia,2013,90.738,9.262,8.442151
Estonia,2014,88.835,11.164,9.370288
Estonia,2015,84.63,15.370000000000001,7.2854705
Estonia,2016,86.935,13.065,6.9721565
Estonia,2017,85.866,14.134,6.238258
Estonia,2018,83.913,16.088,8.139258
Estonia,2019,71.87899999999999,28.121,6.4853916
Estonia,2020,51.151,48.849000000000004,6.3839164
Estonia,2021,60.083,39.917,7.2211475
Estonia,2022,55.995999999999995,44.005,6.6318707
Eswatini,2000,9.836,90.164,19.765162
Eswatini,2001,9.524,90.476,17.2863
Eswatini,2002,9.231,90.769,16.664783
Eswatini,2003,10.714,89.286,15.720767
Eswatini,2004,11.321,88.679,16.4801
Eswatini,2005,10.0,90.0,17.707678
Eswatini,2006,10.0,90.0,18.036875
Eswatini,2007,9.524,90.476,18.271805
Eswatini,2008,10.0,90.0,18.476395
Eswatini,2009,9.524,90.476,17.736721
Eswatini,2010,9.375,90.625,20.92532
Eswatini,2011,4.225,95.775,17.487335
Eswatini,2012,5.405,94.594,18.505323
Eswatini,2013,4.938,95.062,17.466166
Eswatini,2014,6.154,93.84700000000001,15.908711
Eswatini,2015,7.273,92.727,16.874582
Eswatini,2016,7.143,92.858,15.327424
Eswatini,2017,5.97,94.03,16.47062
Eswatini,2018,5.333,94.667,16.245169
Eswatini,2019,5.634,94.366,18.240858
Eswatini,2020,5.405,94.594,16.735691
Eswatini,2021,5.405,94.595,17.876234
Ethiopia,2000,3.529,96.47,22.013374
Ethiopia,2001,2.941,97.059,25.171173
Ethiopia,2002,2.899,97.101,23.77442
Ethiopia,2003,2.575,97.425,22.219677
Ethiopia,2004,2.335,97.66499999999999,22.436852
Ethiopia,2005,2.083,97.916,22.687237
Ethiopia,2006,1.818,98.182,22.954218
Ethiopia,2007,4.802,95.198,23.235247
Ethiopia,2008,11.733,88.266,23.3536
Ethiopia,2009,10.579,89.42,22.687057
Ethiopia,2010,1.603,98.397,24.166908
Ethiopia,2011,1.108,98.892,25.235008
Ethiopia,2012,0.53,99.47,24.535112
Ethiopia,2013,0.346,99.65299999999999,24.858664
Ethiopia,2014,0.211,99.78899999999999,21.773403
Ethiopia,2015,0.192,99.807,24.819464
Ethiopia,2016,0.08,99.919,23.664618
Ethiopia,2017,0.076,99.92399999999999,25.128338
Ethiopia,2018,0.073,99.928,23.935955
Ethiopia,2019,0.07,99.931,22.792442
Ethiopia,2020,0.07,99.93100000000001,23.90675
Ethiopia,2021,0.068,99.931,23.788727
European Union (27),1990,53.037,45.391999999999996,23.845295
European Union (27),1991,52.547,46.023999999999994,23.689728
European Union (27),1992,51.518,46.94500000000001,23.39047
European Union (27),1993,50.209,48.361999999999995,23.093956
European Union (27),1994,50.566,48.002,22.799133
European Union (27),1995,50.851,47.604,22.786757
European Union (27),1996,50.808,47.592,22.209343
European Union (27),1997,50.134,48.208999999999996,21.916489
European Union (27),1998,50.57,47.626000000000005,21.62452
European Union (27),1999,50.336,47.798,21.331758
European Union (27),2000,51.792,48.208,20.892302
European Union (27),2001,50.992000000000004,49.008,19.652811
European Union (27),2002,52.527,47.473,20.81398
European Union (27),2003,53.444,46.555,21.873951
European Union (27),2004,52.297,47.70400000000001,19.268785
European Union (27),2005,52.84,47.160000000000004,19.7523
European Union (27),2006,52.927,47.07300000000001,18.16658
European Union (27),2007,53.641000000000005,46.36,17.127583
European Union (27),2008,51.925,48.074,16.651701
European Union (27),2009,50.391999999999996,49.60799999999999,16.92451
European Union (27),2010,48.918,51.081999999999994,17.15635
European Union (27),2011,49.056000000000004,50.944,17.524002
European Union (27),2012,46.998,53.00099999999999,15.649436
European Union (27),2013,44.126000000000005,55.873999999999995,15.143187
European Union (27),2014,41.646,58.354000000000006,14.398749
European Union (27),2015,42.81099999999999,57.189,14.414789
European Union (27),2016,43.358,56.642,13.491986
European Union (27),2017,44.134,55.866,13.844687
European Union (27),2018,41.542,58.458,13.751135
European Union (27),2019,39.397,60.603,12.083593
European Union (27),2020,36.751999999999995,63.247,11.406009
European Union (27),2021,37.255,62.746,12.079911
European Union (27),2022,37.741,59.998999999999995,12.213788
Fiji,2000,29.032,70.968,6.9558063
Fiji,2001,25.373,74.627,7.403152
Fiji,2002,29.577,70.422,7.022998
Fiji,2003,43.056,56.944,7.136134
Fiji,2004,41.333,58.666,6.6034346
Fiji,2005,46.835,53.165,6.834913
Fiji,2006,46.429,53.571,6.914498
Fiji,2007,31.034,68.965,7.187727
Fiji,2008,29.545,70.455,7.170586
Fiji,2009,32.558,67.44200000000001,6.432376
Fiji,2010,38.889,61.111,6.885635
Fiji,2011,34.884,65.117,6.7600822
Fiji,2012,27.907,72.093,6.444182
Fiji,2013,30.682,69.318,6.3417635
Fiji,2014,41.758,58.242000000000004,5.4943395
Fiji,2015,44.792,55.209,6.1175523
Fiji,2016,37.5,62.501000000000005,5.8514795
Fiji,2017,39.048,60.952,7.1862125
Fiji,2018,34.862,65.137,6.590124
Fiji,2019,37.168,62.830999999999996,6.9547033
Fiji,2020,36.364,63.635999999999996,6.0838213
Fiji,2021,35.965,64.035,5.975189
Finland,1990,35.209,64.791,10.511313
Finland,1991,34.96000000000001,65.03999999999999,10.4691105
Finland,1992,31.89,68.11,10.359998
Finland,1993,35.543,64.45599999999999,10.250884
Finland,1994,42.565999999999995,57.435,10.14177
Finland,1995,39.46,60.541,10.166479
Finland,1996,46.324999999999996,53.67400000000001,9.923544
Finland,1997,40.66,59.34,9.814431
Finland,1998,34.07000000000001,65.931,9.7053175
Finland,1999,36.424,63.57600000000001,9.596205
Finland,2000,34.289,65.71199999999999,9.42018
Finland,2001,40.356,59.644,8.712139
Finland,2002,43.623999999999995,56.376000000000005,8.722617
Finland,2003,50.297000000000004,49.702999999999996,9.391679
Finland,2004,43.516999999999996,56.483000000000004,8.476828
Finland,2005,33.556,66.444,8.864451
Finland,2006,44.704,55.29600000000001,8.501757
Finland,2007,41.003,58.996,7.7496424
Finland,2008,34.099999999999994,65.90100000000001,7.2539783
Finland,2009,36.989,63.01199999999999,7.044024
Finland,2010,41.522999999999996,58.476,7.6665087
Finland,2011,35.296,64.705,6.908547
Finland,2012,26.451999999999998,73.548,6.69926
Finland,2013,30.629,69.372,6.2869797
Finland,2014,26.471,73.53,7.357472
Finland,2015,21.329,78.672,5.6970615
Finland,2016,21.714000000000002,78.285,5.4069395
Finland,2017,19.618,80.38,4.743941
Finland,2018,21.506999999999998,78.493,5.8465157
Finland,2019,18.47,81.53,5.217402
Finland,2020,14.222999999999999,85.776,4.9523315
Finland,2021,14.039000000000001,85.96,5.261095
Finland,2022,10.768,89.231,5.1185675
France,1990,11.347,88.653,19.613022
France,1991,13.412000000000003,86.58800000000001,19.58412
France,1992,10.971,89.029,19.411112
France,1993,7.369,92.63,19.238102
France,1994,7.095,92.905,19.065094
France,1995,7.843,92.158,19.1803
France,1996,8.514,91.48499999999999,18.719078
France,1997,7.792,92.20700000000001,18.546068
France,1998,10.744,89.25600000000001,18.37306
France,1999,9.897,90.10199999999999,18.200052
France,2000,9.485,90.515,17.882936
France,2001,8.55,91.451,17.169178
France,2002,9.539,90.46,16.749737
France,2003,10.248000000000001,89.753,18.650946
France,2004,9.966999999999999,90.033,16.17144
France,2005,11.117,88.883,16.546848
France,2006,10.018,89.983,14.46671
France,2007,10.347999999999999,89.653,13.828915
France,2008,9.796000000000001,90.20599999999999,14.540348
France,2009,9.698,90.30199999999999,15.646138
France,2010,10.239,89.761,15.869666
France,2011,10.396,89.60300000000001,15.492053
France,2012,9.949,90.052,13.932332
France,2013,9.255,90.744,14.290754
France,2014,6.302,93.699,11.347953
France,2015,7.779999999999999,92.22000000000001,12.048187
France,2016,10.104999999999999,89.896,11.037809
France,2017,11.705,88.296,10.619059
France,2018,8.556000000000001,91.44300000000001,10.510782
France,2019,9.456999999999999,90.54300000000002,9.4182415
France,2020,9.13,90.86999999999999,8.778
France,2021,8.84,91.16,9.936273
France,2022,12.154,87.84599999999999,10.383662
Gabon,2000,37.5,62.5,29.479677
Gabon,2001,35.556,64.444,28.562454
Gabon,2002,35.915,64.085,28.983023
Gabon,2003,39.041,60.959,28.319916
Gabon,2004,40.541,59.459,29.113785
Gabon,2005,47.02,52.98,28.960823
Gabon,2006,41.615,58.385,25.304878
Gabon,2007,52.976,47.024,25.908825
Gabon,2008,50.282,49.718,27.898514
Gabon,2009,48.066,51.934,27.007153
Gabon,2010,51.872,48.128,29.058449
Gabon,2011,57.653,42.347,28.94025
Gabon,2012,56.731,43.269,29.564848
Gabon,2013,53.96,46.04,32.0768
Gabon,2014,58.854,41.146,28.711575
Gabon,2015,54.634,45.366,31.158356
Gabon,2016,57.143,42.857,32.006397
Gabon,2017,57.078,42.922,27.99878
Gabon,2018,58.065,41.936,28.48011
Gabon,2019,55.31,44.69,29.330559
Gabon,2020,54.091,45.909,31.27819
Gabon,2021,55.459,44.541,30.454842
Gambia,2000,100.0,0.0,41.344513
Gambia,2001,100.0,0.0,35.07773
Gambia,2002,100.0,0.0,40.822388
Gambia,2003,100.0,0.0,37.573334
Gambia,2004,100.0,0.0,41.54901
Gambia,2005,100.0,0.0,36.69341
Gambia,2006,100.0,0.0,37.642548
Gambia,2007,100.0,0.0,39.32533
Gambia,2008,100.0,0.0,39.288696
Gambia,2009,100.0,0.0,34.4537
Gambia,2010,100.0,0.0,37.627865
Gambia,2011,100.0,0.0,37.482788
Gambia,2012,100.0,0.0,43.218876
Gambia,2013,100.0,0.0,32.548485
Gambia,2014,100.0,0.0,35.946888
Gambia,2015,100.0,0.0,43.16285
Gambia,2016,100.0,0.0,38.141815
Gambia,2017,100.0,0.0,41.615276
Gambia,2018,100.0,0.0,39.16681
Gambia,2019,100.0,0.0,36.714436
Gambia,2020,100.0,0.0,37.42727
Gambia,2021,100.0,0.0,38.45028
Georgia,2000,20.22,79.78,20.378214
Georgia,2001,19.265,80.735,20.845863
Georgia,2002,6.425,93.575,19.92491
Georgia,2003,8.499,91.501,19.264078
Georgia,2004,12.041,87.959,19.01392
Georgia,2005,13.585,86.415,19.955929
Georgia,2006,26.02,73.98,19.414795
Georgia,2007,17.381,82.619,20.286697
Georgia,2008,14.578,85.422,20.487116
Georgia,2009,12.827,87.173,19.841309
Georgia,2010,7.114,92.886,21.87794
Georgia,2011,21.743,78.257,19.044928
Georgia,2012,24.498,75.502,18.521526
Georgia,2013,17.021,82.979,18.494242
Georgia,2014,18.799,81.201,20.930595
Georgia,2015,21.112,78.888,18.853825
Georgia,2016,18.502,81.49799999999999,17.372295
Georgia,2017,18.568,81.433,19.075087
Georgia,2018,16.695,83.305,18.664062
Georgia,2019,23.017,76.98299999999999,18.945621
Georgia,2020,25.269,74.731,18.947916
Georgia,2021,18.829,81.17099999999999,19.56622
Georgia,2022,23.806,76.194,19.351564
Germany,1990,68.624,31.377,22.364592
Germany,1991,69.354,30.646,22.228613
Germany,1992,66.546,33.454,21.860514
Germany,1993,66.735,33.263,21.492413
Germany,1994,66.84400000000001,33.156,21.124311
Germany,1995,66.401,33.6,21.220457
Germany,1996,66.121,33.88,20.388111
Germany,1997,64.711,35.291000000000004,20.02001
Germany,1998,66.228,33.771,19.65191
Germany,1999,64.03500000000001,35.964,19.28381
Germany,2000,64.166,35.835,18.683586
Germany,2001,64.047,35.953,17.55734
Germany,2002,64.032,35.967999999999996,18.2295
Germany,2003,64.861,35.138,18.908278
Germany,2004,63.125,36.87500000000001,16.716946
Germany,2005,63.083,36.917,17.032753
Germany,2006,61.928,38.071,15.760103
Germany,2007,63.638999999999996,36.361,14.89386
Germany,2008,61.659,38.339999999999996,14.516991
Germany,2009,60.79899999999999,39.199999999999996,15.371248
Germany,2010,60.660000000000004,39.342,15.839674
Germany,2011,61.662,38.33800000000001,15.458584
Germany,2012,60.912,39.08800000000001,12.954531
Germany,2013,60.44799999999999,39.551,13.5556755
Germany,2014,58.114999999999995,41.885,13.427258
Germany,2015,56.198,43.80100000000001,12.134117
Germany,2016,57.339,42.66100000000001,11.795217
Germany,2017,54.701,45.29899999999999,11.900375
Germany,2018,52.89,47.11,12.272498
Germany,2019,47.388,52.611000000000004,9.957727
Germany,2020,44.318000000000005,55.68099999999999,9.060865
Germany,2021,48.407999999999994,51.591,9.904121
Germany,2022,50.783,49.215999999999994,9.648777
Ghana,2000,8.134,91.865,38.646187
Ghana,2001,15.266,84.73400000000001,29.811283
Ghana,2002,29.536,70.46400000000001,35.159363
Ghana,2003,32.46,67.539,28.923635
Ghana,2004,10.884,89.116,40.847107
Ghana,2005,16.468,83.533,31.505762
Ghana,2006,32.116,67.883,31.414036
Ghana,2007,45.199,54.800000000000004,33.44521
Ghana,2008,24.57,75.43,34.171238
Ghana,2009,22.323,77.677,29.400255
Ghana,2010,30.009999999999998,69.99,26.371447
Ghana,2011,31.29,68.71000000000001,30.393005
Ghana,2012,31.655,68.34500000000001,29.041864
Ghana,2013,34.797,65.204,24.206154
Ghana,2014,34.125,65.875,23.63278
Ghana,2015,47.986000000000004,52.014,33.869736
Ghana,2016,51.228,48.770999999999994,31.309538
Ghana,2017,55.841,44.159,29.35683
Ghana,2018,57.759,42.24100000000001,25.823229
Ghana,2019,56.141999999999996,43.858999999999995,25.047613
Ghana,2020,63.465999999999994,36.535,30.154367
Ghana,2021,65.122,34.878,29.29607
Greece,1990,94.911,5.089,25.285772
Greece,1991,91.326,8.674,25.467546
Greece,1992,94.063,5.938,25.558521
Greece,1993,93.889,6.111000000000001,25.649496
Greece,1994,93.464,6.5360000000000005,25.74047
Greece,1995,91.381,8.620000000000001,26.013046
Greece,1996,89.65099999999998,10.349,25.922422
Greece,1997,90.94399999999999,9.055,26.013397
Greece,1998,91.794,8.206,26.104372
Greece,1999,90.38300000000001,9.616999999999999,26.195347
Greece,2000,92.25,7.75,26.195522
Greece,2001,94.461,5.539,24.386215
Greece,2002,93.364,6.636,25.163145
Greece,2003,89.82700000000001,10.173,26.535402
Greece,2004,89.949,10.051,23.239162
Greece,2005,89.213,10.786,24.12971
Greece,2006,87.253,12.747,21.153122
Greece,2007,92.68,7.319,20.4217
Greece,2008,90.86200000000001,9.139,20.291456
Greece,2009,86.638,13.360999999999999,18.656523
Greece,2010,81.648,18.351,18.140377
Greece,2011,86.23100000000001,13.77,18.882633
Greece,2012,83.325,16.674,17.740833
Greece,2013,74.86,25.140000000000004,15.135405
Greece,2014,75.81,24.191,15.960254
Greece,2015,71.349,28.651999999999997,15.49613
Greece,2016,72.63400000000001,27.365999999999996,15.28631
Greece,2017,74.991,25.01,15.386043
Greece,2018,69.69,30.309,15.426827
Greece,2019,66.86,33.141,15.462929
Greece,2020,63.55800000000001,36.44,14.445343
Greece,2021,59.506,40.495,15.661632
Greece,2022,56.693999999999996,43.306,16.303053
Greenland,2000,59.524,40.476,1.5325359
Greenland,2001,58.974,41.026,1.5525082
Greenland,2002,52.632,47.368,1.4585292
Greenland,2003,45.455,54.545,1.5197865
Greenland,2004,42.424,57.576,1.3868523
Greenland,2005,42.857,57.143,1.4014491
Greenland,2006,48.718,51.282,1.7019619
Greenland,2007,47.368,52.632,1.8628668
Greenland,2008,50.0,50.0,1.9147303
Greenland,2009,38.095,61.905,1.9264612
Greenland,2010,29.268,70.732,1.9809864
Greenland,2011,26.087,73.913,1.8256835
Greenland,2012,22.727,77.273,2.0842795
Greenland,2013,17.778,82.222,1.8205888
Greenland,2014,17.021,82.979,1.9279125
Greenland,2015,17.647,82.353,1.6475847
Greenland,2016,16.667,83.333,1.5820531
Greenland,2017,17.391,82.609,1.7362107
Greenland,2018,19.608,80.392,1.5060046
Greenland,2019,20.0,80.0,1.8464011
Greenland,2020,15.254,84.746,1.7113473
Greenland,2021,16.667,83.333,1.7206542
Grenada,2000,100.0,0.0,12.209008
Grenada,2001,100.0,0.0,11.992714
Grenada,2002,100.0,0.0,12.493811
Grenada,2003,100.0,0.0,11.462392
Grenada,2004,100.0,0.0,10.742989
Grenada,2005,100.0,0.0,11.484308
Grenada,2006,100.0,0.0,11.337301
Grenada,2007,100.0,0.0,10.800944
Grenada,2008,100.0,0.0,11.399603
Grenada,2009,100.0,0.0,12.538711
Grenada,2010,100.0,0.0,13.311113
Grenada,2011,100.0,0.0,10.277625
Grenada,2012,100.0,0.0,12.495739
Grenada,2013,100.0,0.0,10.046715
Grenada,2014,100.0,0.0,9.417495
Grenada,2015,100.0,0.0,12.132891
Grenada,2016,100.0,0.0,11.70003
Grenada,2017,100.0,0.0,11.885429
Grenada,2018,100.0,0.0,10.6010895
Grenada,2019,100.0,0.0,10.711842
Grenada,2020,100.0,0.0,11.134087
Grenada,2021,100.0,0.0,12.351391
Guam,2000,100.0,0.0,4.267671
Guam,2001,100.0,0.0,4.414807
Guam,2002,100.0,0.0,5.1134825
Guam,2003,100.0,0.0,4.335725
Guam,2004,100.0,0.0,4.6277018
Guam,2005,100.0,0.0,3.8509548
Guam,2006,100.0,0.0,4.026563
Guam,2007,100.0,0.0,3.951803
Guam,2008,100.0,0.0,3.8721378
Guam,2009,100.0,0.0,3.9587646
Guam,2010,100.0,0.0,3.6292658
Guam,2011,100.0,0.0,4.1439214
Guam,2012,100.0,0.0,4.375658
Guam,2013,100.0,0.0,4.082668
Guam,2014,100.0,0.0,4.581725
Guam,2015,98.182,1.818,4.939363
Guam,2016,95.954,4.046,3.894577
Guam,2017,96.591,3.409,3.7909806
Guam,2018,95.954,4.046,3.528921
Guam,2019,96.045,3.955,3.2709217
Guam,2020,95.882,4.118,3.0576382
Guam,2021,95.604,4.396,3.4119873
Guatemala,2000,47.098,52.902,36.215202
Guatemala,2001,48.541999999999994,51.458,31.873863
Guatemala,2002,54.56,45.44,31.36564
Guatemala,2003,53.595,46.406,33.073097
Guatemala,2004,51.186,48.813,28.076288
Guatemala,2005,51.928,48.072,29.28861
Guatemala,2006,44.391,55.609,27.43032
Guatemala,2007,49.224000000000004,50.775999999999996,26.75817
Guatemala,2008,40.166000000000004,59.834,28.16768
Guatemala,2009,47.307,52.693,31.588654
Guatemala,2010,37.047,62.954,28.610975
Guatemala,2011,36.473,63.525999999999996,31.96364
Guatemala,2012,36.266,63.734,29.658506
Guatemala,2013,36.047,63.953,32.018612
Guatemala,2014,35.828,64.173,27.422314
Guatemala,2015,41.295,58.705,26.891907
Guatemala,2016,40.531,59.469,30.354532
Guatemala,2017,30.914,69.085,29.943008
Guatemala,2018,35.977000000000004,64.022,28.131409
Guatemala,2019,39.899,60.101,29.377522
Guatemala,2020,32.861,67.138,31.966219
Guatemala,2021,34.487,65.512,31.16573
Guinea,2000,45.333,54.667,30.189682
Guinea,2001,41.489,58.511,26.654827
Guinea,2002,40.404,59.596,28.276365
Guinea,2003,54.023,45.977,26.325714
Guinea,2004,41.489,58.511,33.364334
Guinea,2005,44.318,55.682,29.148014
Guinea,2006,45.882,54.118,28.837467
Guinea,2007,43.617,56.383,29.972393
Guinea,2008,45.833,54.167,31.258183
Guinea,2009,45.833,54.167,28.773548
Guinea,2010,47.826,52.174,29.854122
Guinea,2011,51.765,48.235,30.503855
Guinea,2012,30.986,69.014,29.49766
Guinea,2013,25.0,75.0,25.005428
Guinea,2014,39.13,60.87,25.971724
Guinea,2015,21.053,78.947,31.488825
Guinea,2016,31.677,68.32300000000001,30.44182
Guinea,2017,30.508,69.49199999999999,30.559084
Guinea,2018,48.993,51.006,28.864017
Guinea,2019,36.408,63.592,26.584373
Guinea,2020,22.188,77.813,27.22144
Guinea,2021,27.338,72.66099999999999,27.098482
Guinea-Bissau,2000,100.0,0.0,36.58237
Guinea-Bissau,2001,100.0,0.0,30.897346
Guinea-Bissau,2002,100.0,0.0,33.843563
Guinea-Bissau,2003,100.0,0.0,31.755411
Guinea-Bissau,2004,100.0,0.0,36.738182
Guinea-Bissau,2005,100.0,0.0,32.78067
Guinea-Bissau,2006,100.0,0.0,33.73235
Guinea-Bissau,2007,100.0,0.0,35.206047
Guinea-Bissau,2008,100.0,0.0,35.75834
Guinea-Bissau,2009,100.0,0.0,31.998167
Guinea-Bissau,2010,100.0,0.0,33.32206
Guinea-Bissau,2011,100.0,0.0,34.131313
Guinea-Bissau,2012,100.0,0.0,35.619625
Guinea-Bissau,2013,100.0,0.0,28.48789
Guinea-Bissau,2014,100.0,0.0,30.252407
Guinea-Bissau,2015,100.0,0.0,36.192066
Guinea-Bissau,2016,100.0,0.0,32.93663
Guinea-Bissau,2017,100.0,0.0,36.419037
Guinea-Bissau,2018,100.0,0.0,35.14873
Guinea-Bissau,2019,100.0,0.0,30.94407
Guinea-Bissau,2020,100.0,0.0,32.50287
Guinea-Bissau,2021,100.0,0.0,31.783415
Guyana,2000,93.182,6.818,26.666763
Guyana,2001,93.407,6.593,24.78044
Guyana,2002,93.407,6.593,24.341145
Guyana,2003,93.902,6.098,25.172977
Guyana,2004,93.023,6.977,22.257444
Guyana,2005,92.308,7.692,24.44866
Guyana,2006,92.537,7.463,19.75779
Guyana,2007,92.857,7.143,17.751593
Guyana,2008,92.958,7.042,17.759075
Guyana,2009,84.722,15.278,16.873327
Guyana,2010,84.884,15.116,18.469635
Guyana,2011,84.615,15.385,17.010271
Guyana,2012,85.263,14.737,18.078707
Guyana,2013,85.859,14.141,16.831415
Guyana,2014,85.0,15.0,16.04572
Guyana,2015,84.615,15.385,18.390163
Guyana,2016,86.364,13.636,17.457483
Guyana,2017,86.842,13.158,16.693247
Guyana,2018,86.207,13.793,15.869706
Guyana,2019,86.885,13.115,16.633501
Guyana,2020,87.069,12.931000000000001,16.620758
Guyana,2021,88.618,11.382000000000001,18.21915
Haiti,2000,47.17,52.83,16.048214
Haiti,2001,50.877,49.123,14.5529585
Haiti,2002,50.943,49.057,15.6478615
Haiti,2003,50.98,49.02,15.084309
Haiti,2004,50.943,49.057,13.820398
Haiti,2005,50.943,49.057,14.527813
Haiti,2006,50.909,49.091,14.83185
Haiti,2007,66.667,33.333,14.702996
Haiti,2008,61.702,38.298,14.543566
Haiti,2009,70.588,29.412,14.18025
Haiti,2010,69.643,30.357,16.295635
Haiti,2011,81.538,18.462,14.141151
Haiti,2012,79.048,20.952,13.682389
Haiti,2013,86.0,14.0,15.09576
Haiti,2014,90.816,9.184,15.25571
Haiti,2015,91.837,8.163,15.937878
Haiti,2016,93.137,6.863,14.918435
Haiti,2017,87.0,13.0,15.59773
Haiti,2018,80.0,20.0,15.726149
Haiti,2019,83.333,16.667,15.358358
Haiti,2020,88.043,11.957,15.859732
Haiti,2021,86.869,13.131,16.259373
High-income countries,1990,55.364000000000004,38.30800000000001,20.94052
High-income countries,1991,54.81,39.00899999999999,20.758127
High-income countries,1992,55.12,38.739,20.563221
High-income countries,1993,54.43600000000001,39.461,20.364544
High-income countries,1994,55.125,38.754000000000005,20.167118
High-income countries,1995,54.384,39.425,20.02775
High-income countries,1996,54.163999999999994,39.321000000000005,19.779737
High-income countries,1997,54.808,38.864,19.592262
High-income countries,1998,55.40500000000001,38.141999999999996,19.40845
High-income countries,1999,55.209,38.261,19.226368
High-income countries,2000,61.483,38.517,19.024622
High-income countries,2001,61.891999999999996,38.108999999999995,18.078114
High-income countries,2002,62.33800000000001,37.66,18.551445
High-income countries,2003,63.343999999999994,36.656,18.984343
High-income countries,2004,62.833,37.168,17.39057
High-income countries,2005,63.09100000000001,36.909000000000006,17.683502
High-income countries,2006,62.858000000000004,37.143,16.748995
High-income countries,2007,64.148,35.852000000000004,16.257828
High-income countries,2008,63.247,36.754,16.013212
High-income countries,2009,61.769999999999996,38.231,16.014864
High-income countries,2010,62.335,37.665,16.170347
High-income countries,2011,62.386,37.614,15.85743
High-income countries,2012,63.278999999999996,36.722,15.275796
High-income countries,2013,61.908,38.092000000000006,15.083668
High-income countries,2014,60.986,39.013,14.754416
High-income countries,2015,60.660000000000004,39.339,14.879767
High-income countries,2016,60.055,39.94499999999999,14.07903
High-income countries,2017,59.114,40.885,14.319324
High-income countries,2018,58.531,41.47,14.161099
High-income countries,2019,57.057,42.94199999999999,13.375136
High-income countries,2020,55.15200000000001,44.849000000000004,12.903415
High-income countries,2021,55.34,44.661,13.640367
High-income countries,2022,49.38699999999999,43.836,13.968584
Honduras,2000,36.723,63.277,38.382843
Honduras,2001,49.6,50.400000000000006,34.735912
Honduras,2002,58.524,41.475,35.510303
Honduras,2003,58.391,41.609,37.374054
Honduras,2004,66.953,33.047,31.456415
Honduras,2005,64.444,35.555,33.75661
Honduras,2006,60.627,39.373,31.523445
Honduras,2007,59.669,40.33,30.675003
Honduras,2008,59.076,40.923,30.686804
Honduras,2009,51.881,48.119,30.006357
Honduras,2010,48.773,51.227000000000004,28.500853
Honduras,2011,51.429,48.571,33.399864
Honduras,2012,52.603,47.396,28.487732
Honduras,2013,53.756,46.245,32.093422
Honduras,2014,56.87,43.129000000000005,29.473732
Honduras,2015,54.419999999999995,45.58,29.747278
Honduras,2016,49.896,50.105000000000004,27.81618
Honduras,2017,43.646,56.354,28.761618
Honduras,2018,38.345000000000006,61.655,29.763552
Honduras,2019,48.471000000000004,51.528999999999996,29.428396
Honduras,2020,48.276,51.725,36.535564
Honduras,2021,48.036,51.962,30.285786
Hungary,1990,51.019,48.980000000000004,27.267776
Hungary,1991,53.471000000000004,46.529,27.055344
Hungary,1992,55.27199999999999,44.729000000000006,26.51378
Hungary,1993,57.429,42.572,25.972218
Hungary,1994,57.458,42.541,25.430655
Hungary,1995,58.113,41.886,25.547354
Hungary,1996,58.849,41.15,24.347528
Hungary,1997,59.773999999999994,40.225,23.805965
Hungary,1998,61.908,38.091,23.264402
Hungary,1999,62.093,37.907,22.72284
Hungary,2000,59.022,40.979,21.852144
Hungary,2001,60.488,39.510999999999996,21.639238
Hungary,2002,60.775000000000006,39.226,24.445463
Hungary,2003,66.774,33.226,25.815481
Hungary,2004,61.881,38.12,22.169075
Hungary,2005,56.083,43.915000000000006,23.118994
Hungary,2006,58.299,41.702000000000005,21.879984
Hungary,2007,58.558,41.44200000000001,20.590584
Hungary,2008,57.096,42.903999999999996,19.268251
Hungary,2009,48.983,51.016,20.577417
Hungary,2010,49.746,50.254000000000005,20.600927
Hungary,2011,48.917,51.083,23.571058
Hungary,2012,46.765,53.235,20.284754
Hungary,2013,40.0,60.0,19.199686
Hungary,2014,35.910999999999994,64.089,18.16856
Hungary,2015,37.107,62.891000000000005,19.005651
Hungary,2016,39.327,60.672000000000004,17.087538
Hungary,2017,40.36000000000001,59.641,18.8047
Hungary,2018,38.929,61.071000000000005,18.260906
Hungary,2019,38.608000000000004,61.392,14.686677
Hungary,2020,37.952999999999996,62.047,13.518881
Hungary,2021,36.317,63.681,14.383528
Hungary,2022,34.178,65.822,13.964306
Iceland,1990,0.222,99.778,6.1553
Iceland,1991,0.223,99.777,6.1606326
Iceland,1992,0.22,99.78,6.156857
Iceland,1993,0.0,100.0,6.1530814
Iceland,1994,0.0,100.0,6.1493063
Iceland,1995,0.201,99.799,6.163746
Iceland,1996,0.0,100.0,6.141755
Iceland,1997,0.0,100.0,6.13798
Iceland,1998,0.0,100.0,6.1342044
Iceland,1999,0.0,100.0,6.130429
Iceland,2000,0.0,100.0,6.117546
Iceland,2001,0.0,100.0,5.7924995
Iceland,2002,0.12,99.88000000000001,6.1714277
Iceland,2003,0.118,99.881,6.4821534
Iceland,2004,0.117,99.883,6.0814133
Iceland,2005,0.116,99.884,5.864176
Iceland,2006,0.101,99.898,5.189892
Iceland,2007,0.0,100.0,4.865651
Iceland,2008,0.0,100.0,4.847533
Iceland,2009,0.0,100.0,4.951921
Iceland,2010,0.0,100.0,5.356397
Iceland,2011,0.0,100.0,5.116669
Iceland,2012,0.0,100.0,4.2846956
Iceland,2013,0.0,100.0,4.830544
Iceland,2014,0.0,100.0,5.0392485
Iceland,2015,0.0,100.0,5.0766063
Iceland,2016,0.0,100.0,4.4619894
Iceland,2017,0.0,100.0,5.196648
Iceland,2018,0.0,100.0,4.4332476
Iceland,2019,0.0,100.00000000000001,4.9254603
Iceland,2020,0.0,100.0,4.4637747
Iceland,2021,0.0,100.0,5.812276
India,1990,74.67999999999999,25.320000000000004,51.203266
India,1991,75.178,24.821,50.166195
India,1992,77.259,22.740000000000002,50.12217
India,1993,78.655,21.345000000000002,50.078144
India,1994,77.90299999999999,22.096999999999998,50.034122
India,1995,80.195,19.805000000000003,48.004
India,1996,82.15299999999999,17.846999999999998,49.94607
India,1997,82.46600000000001,17.532999999999998,49.90205
India,1998,80.71900000000001,19.28,49.858025
India,1999,82.07500000000002,17.925,49.814
India,2000,83.192,16.808,50.763027
India,2001,83.77699999999999,16.223000000000003,50.453785
India,2002,84.88700000000001,15.113,51.254456
India,2003,85.462,14.538,52.514984
India,2004,81.317,18.683000000000003,50.844616
India,2005,82.229,17.771,51.33693
India,2006,80.497,19.503,49.254604
India,2007,79.95899999999999,20.042,49.451336
India,2008,81.39300000000001,18.607000000000003,51.266483
India,2009,82.818,17.181,52.262672
India,2010,82.32600000000001,17.674,51.71882
India,2011,80.092,19.906,55.02583
India,2012,81.829,18.169,53.01963
India,2013,80.7,19.299,52.26938
India,2014,81.242,18.757999999999996,51.68722
India,2015,81.73100000000001,18.27,51.435593
India,2016,82.442,17.559,54.421875
India,2017,81.49,18.509,55.172424
India,2018,80.83200000000001,19.169,56.679523
India,2019,78.524,21.476000000000003,53.59815
India,2020,76.94000000000001,23.055,52.193367
India,2021,78.05300000000001,22.022999999999996,55.623474
India,2022,77.00500000000001,23.225,50.657745
Indonesia,1990,76.98400000000001,23.011000000000003,31.380585
Indonesia,1991,77.78999999999999,22.205,30.707323
Indonesia,1992,73.357,26.638,30.236738
Indonesia,1993,74.854,25.141,29.766151
Indonesia,1994,79.122,20.873,29.295567
Indonesia,1995,80.584,19.411,28.41963
Indonesia,1996,81.026,18.97,28.354393
Indonesia,1997,87.839,12.158,27.883808
Indonesia,1998,82.19900000000001,17.798000000000002,27.413221
Indonesia,1999,82.94300000000001,17.054000000000002,26.942635
Indonesia,2000,80.006,19.994,26.674725
Indonesia,2001,79.09599999999999,20.904,25.302336
Indonesia,2002,81.42099999999999,18.579,25.891132
Indonesia,2003,83.116,16.884,24.18654
Indonesia,2004,83.193,16.807000000000002,25.731049
Indonesia,2005,82.947,17.052999999999997,24.88509
Indonesia,2006,84.65,15.350000000000001,22.603373
Indonesia,2007,83.631,16.369,20.324558
Indonesia,2008,83.103,16.896,19.526247
Indonesia,2009,83.548,16.451,21.14929
Indonesia,2010,80.49100000000001,19.509,18.820982
Indonesia,2011,84.124,15.875,19.811073
Indonesia,2012,85.11,14.889,20.162012
Indonesia,2013,84.233,15.765999999999998,19.350449
Indonesia,2014,85.512,14.486999999999998,23.906145
Indonesia,2015,86.20400000000001,13.795,25.606312
Indonesia,2016,84.632,15.367999999999999,20.95563
Indonesia,2017,83.76,16.241,17.802792
Indonesia,2018,82.95200000000001,17.048000000000002,20.364534
Indonesia,2019,83.739,16.261000000000003,23.97289
Indonesia,2020,81.868,18.13,18.864733
Indonesia,2021,81.82700000000001,18.171999999999997,19.985054
Indonesia,2022,80.383,19.617,19.765926
Iran,1990,87.19800000000001,12.802,33.78178
Iran,1991,91.074,8.926,33.867577
Iran,1992,86.3,13.701,34.154053
Iran,1993,85.89699999999999,14.103,34.44053
Iran,1994,91.48599999999999,8.513,34.72701
Iran,1995,90.13399999999999,9.867,34.61212
Iran,1996,90.178,9.822,35.299965
Iran,1997,93.874,6.126,35.58644
Iran,1998,92.68599999999999,7.314,35.872917
Iran,1999,95.29700000000001,4.704,36.159397
Iran,2000,96.799,3.2009999999999996,36.646557
Iran,2001,96.747,3.253,36.472378
Iran,2002,94.183,5.817,35.362362
Iran,2003,93.657,6.343999999999999,38.554127
Iran,2004,92.64,7.361,34.955517
Iran,2005,91.8,8.200999999999999,35.140186
Iran,2006,90.364,9.636000000000001,38.4484
Iran,2007,91.089,8.911000000000001,40.88469
Iran,2008,96.37100000000001,3.6300000000000003,42.104027
Iran,2009,96.866,3.135,42.921597
Iran,2010,95.575,4.425,43.283676
Iran,2011,95.32300000000001,4.678000000000001,42.45234
Iran,2012,94.271,5.730000000000001,40.61839
Iran,2013,92.614,7.385999999999999,39.795097
Iran,2014,93.172,6.828000000000001,39.640266
Iran,2015,93.96600000000001,6.0329999999999995,40.799507
Iran,2016,92.287,7.714,39.65071
Iran,2017,91.932,8.068999999999999,40.09236
Iran,2018,94.327,5.674,41.78637
Iran,2019,86.97999999999999,13.02,39.35672
Iran,2020,90.716,9.289,38.76455
Iran,2021,94.34599999999999,5.656000000000001,41.08828
Iran,2022,94.08099999999999,5.924,43.895733
Iraq,2000,97.968,2.032,48.233067
Iraq,2001,97.99000000000001,2.01,43.322376
Iraq,2002,98.399,1.601,44.31502
Iraq,2003,98.387,1.613,47.44186
Iraq,2004,98.387,1.613,44.21719
Iraq,2005,79.432,20.568,48.26204
Iraq,2006,81.19,18.81,47.91929
Iraq,2007,81.98599999999999,18.015,50.715572
Iraq,2008,90.087,9.914,53.00555
Iraq,2009,92.58500000000001,7.415,54.02145
Iraq,2010,89.786,10.214,57.066708
Iraq,2011,93.39099999999999,6.609,51.62515
Iraq,2012,89.99600000000001,10.005,53.090366
Iraq,2013,91.378,8.622,51.236115
Iraq,2014,95.36800000000001,4.632000000000001,47.486652
Iraq,2015,96.015,3.985,52.532497
Iraq,2016,95.495,4.506,49.431324
Iraq,2017,97.314,2.686,47.54377
Iraq,2018,97.377,2.6229999999999998,51.717686
Iraq,2019,94.012,5.987,45.701004
Iraq,2020,94.223,5.776,47.630043
Iraq,2021,94.571,5.429,48.795822
Ireland,1990,95.08099999999999,4.919,13.498342
Ireland,1991,94.976,5.023,13.513998
Ireland,1992,94.804,5.196,13.392761
Ireland,1993,95.229,4.771,13.271524
Ireland,1994,94.414,5.585,13.150288
Ireland,1995,95.85499999999999,4.146,13.302837
Ireland,1996,95.98200000000001,4.02,12.907814
Ireland,1997,95.887,4.114,12.786578
Ireland,1998,94.351,5.649,12.665341
Ireland,1999,94.81,5.19,12.544105
Ireland,2000,95.015,4.985,12.2859745
Ireland,2001,95.82,4.18,11.402822
Ireland,2002,94.445,5.555,11.670005
Ireland,2003,95.415,4.586,14.064534
Ireland,2004,94.48899999999999,5.511,10.648731
Ireland,2005,92.701,7.2989999999999995,11.661928
Ireland,2006,90.889,9.112,9.93059
Ireland,2007,90.095,9.905000000000001,9.228314
Ireland,2008,87.967,12.032,9.272203
Ireland,2009,85.27000000000001,14.731,9.083008
Ireland,2010,86.79,13.210999999999999,9.413454
Ireland,2011,80.007,19.993,9.2102375
Ireland,2012,80.649,19.352,8.182071
Ireland,2013,77.981,22.017,9.124008
Ireland,2014,75.242,24.758,8.368195
Ireland,2015,72.028,27.971999999999998,7.7486234
Ireland,2016,75.12299999999999,24.875,7.8603272
Ireland,2017,71.037,28.963,7.096117
Ireland,2018,66.991,33.01,7.79169
Ireland,2019,61.587999999999994,38.411,8.57888
Ireland,2020,57.89900000000001,42.103,7.8129454
Ireland,2021,63.229,36.772,8.086424
Ireland,2022,61.38100000000001,38.62,8.101035
Israel,2000,99.92599999999999,0.075,27.678785
Israel,2001,99.951,0.048,27.465277
Israel,2002,99.93,0.07,28.181492
Israel,2003,99.91,0.091,30.659054
Israel,2004,99.91,0.089,29.013683
Israel,2005,99.913,0.088,27.68503
Israel,2006,99.958,0.042,22.680916
Israel,2007,99.94,0.06,20.348314
Israel,2008,99.925,0.075,20.650843
Israel,2009,99.872,0.129,20.919525
Israel,2010,99.761,0.239,24.36507
Israel,2011,99.564,0.436,19.849064
Israel,2012,99.30199999999999,0.6990000000000001,20.76833
Israel,2013,99.055,0.9460000000000001,21.555086
Israel,2014,98.423,1.577,20.0399
Israel,2015,98.054,1.946,22.72244
Israel,2016,97.479,2.5210000000000004,19.65568
Israel,2017,97.35199999999999,2.648,20.361603
Israel,2018,97.31400000000001,2.686,22.010092
Israel,2019,95.95700000000001,4.043,22.604778
Israel,2020,94.609,5.39,21.486216
Israel,2021,93.226,6.773,21.27694
Italy,1990,83.626,16.373,30.495493
Italy,1991,79.156,20.844,30.47913
Italy,1992,79.417,20.582,30.257929
Italy,1993,79.388,20.613,30.036726
Italy,1994,78.87899999999999,21.119999999999997,29.815525
Italy,1995,82.506,17.493,30.004
Italy,1996,80.666,19.334999999999997,29.373123
Italy,1997,81.209,18.791,29.151922
Italy,1998,81.624,18.377000000000002,28.930721
Italy,1999,80.154,19.845,28.709518
Italy,2000,81.099,18.9,28.28348
Italy,2001,79.95,20.049,24.513794
Italy,2002,82.544,17.456,25.846582
Italy,2003,83.579,16.421,27.504137
Italy,2004,81.725,18.274,24.574177
Italy,2005,83.623,16.375999999999998,25.194857
Italy,2006,83.48700000000001,16.512999999999998,23.045343
Italy,2007,84.467,15.533,21.389715
Italy,2008,81.388,18.611,20.476692
Italy,2009,75.916,24.083000000000002,19.73729
Italy,2010,74.16,25.841,18.973661
Italy,2011,72.323,27.678,20.910963
Italy,2012,68.89500000000001,31.104,19.001028
Italy,2013,60.984,39.014,17.451569
Italy,2014,56.503,43.497,15.7660885
Italy,2015,61.242,38.757,18.409853
Italy,2016,62.391999999999996,37.608000000000004,16.214394
Italy,2017,64.583,35.417,17.317724
Italy,2018,60.19,39.81,15.684526
Italy,2019,60.24400000000001,39.756,14.990414
Italy,2020,57.96,42.040000000000006,15.411027
Italy,2021,59.38099999999999,40.619,14.908654
Italy,2022,63.563,36.438,16.235043
Jamaica,2000,92.605,7.395,19.323158
Jamaica,2001,93.45,6.549,18.373587
Jamaica,2002,92.956,7.0440000000000005,19.616417
Jamaica,2003,92.571,7.429,19.641088
Jamaica,2004,92.047,7.953,18.22309
Jamaica,2005,91.559,8.44,19.52228
Jamaica,2006,91.465,8.535,20.039248
Jamaica,2007,90.731,9.269,19.97119
Jamaica,2008,89.25,10.75,19.675968
Jamaica,2009,89.655,10.344999999999999,20.980082
Jamaica,2010,89.646,10.354,21.578716
Jamaica,2011,88.778,11.222000000000001,19.9261
Jamaica,2012,88.041,11.96,20.696566
Jamaica,2013,89.059,10.940999999999999,19.917635
Jamaica,2014,88.235,11.765,22.042086
Jamaica,2015,88.235,11.765,21.222992
Jamaica,2016,87.893,12.107000000000001,20.42377
Jamaica,2017,85.366,14.635000000000002,20.70252
Jamaica,2018,83.453,16.547,21.038748
Jamaica,2019,84.705,15.295000000000002,21.026567
Jamaica,2020,84.275,15.724999999999998,22.258062
Jamaica,2021,83.908,16.092,22.213455
Japan,1990,65.769,33.217,12.588197
Japan,1991,64.234,34.54,12.573167
Japan,1992,65.257,33.698,12.580615
Japan,1993,60.614000000000004,37.992999999999995,12.588063
Japan,1994,64.712,34.151,12.595511
Japan,1995,61.178999999999995,37.592,12.558003
Japan,1996,61.039,37.771,12.610408
Japan,1997,58.467999999999996,40.206,12.617856
Japan,1998,58.012,40.709,12.625304
Japan,1999,60.19,38.712999999999994,12.632752
Japan,2000,58.508,41.49100000000001,12.662679
Japan,2001,58.232,41.766999999999996,12.394503
Japan,2002,61.337,38.664,12.1329775
Japan,2003,64.937,35.062,11.814231
Japan,2004,61.871,38.126999999999995,11.631059
Japan,2005,62.462999999999994,37.538000000000004,11.934242
Japan,2006,60.904,39.095,13.784898
Japan,2007,65.707,34.292,14.900655
Japan,2008,65.997,34.001999999999995,14.543757
Japan,2009,62.615,37.385000000000005,14.049713
Japan,2010,63.75,36.249,12.776835
Japan,2011,74.223,25.777,12.898712
Japan,2012,87.941,12.059999999999999,13.379887
Japan,2013,87.19,12.809999999999999,12.970687
Japan,2014,86.72800000000001,13.271999999999998,13.712836
Japan,2015,84.01899999999999,15.979999999999999,13.462442
Japan,2016,82.82799999999999,17.172,12.311473
Japan,2017,79.894,20.106,12.193832
Japan,2018,77.13,22.867999999999995,12.40601
Japan,2019,74.14,25.86,11.997024
Japan,2020,74.333,25.666999999999994,11.235989
Japan,2021,71.002,28.998,11.541008
Japan,2022,71.011,28.988,12.436812
Jordan,2000,99.279,0.72,20.32514
Jordan,2001,99.295,0.705,23.004917
Jordan,2002,99.216,0.785,24.199417
Jordan,2003,99.33500000000001,0.665,28.435173
Jordan,2004,99.28800000000001,0.712,26.938196
Jordan,2005,99.229,0.771,25.181427
Jordan,2006,99.331,0.669,27.376148
Jordan,2007,99.264,0.736,28.700125
Jordan,2008,99.30799999999999,0.6920000000000001,29.583364
Jordan,2009,99.403,0.596,30.743473
Jordan,2010,99.424,0.576,34.86559
Jordan,2011,99.492,0.508,29.111753
Jordan,2012,99.487,0.513,31.50067
Jordan,2013,99.569,0.431,31.280088
Jordan,2014,99.53399999999999,0.46499999999999997,28.86415
Jordan,2015,98.382,1.6190000000000002,32.905357
Jordan,2016,94.984,5.017,30.987299
Jordan,2017,92.441,7.558999999999999,30.256569
Jordan,2018,88.474,11.527,31.75674
Jordan,2019,84.45700000000001,15.543,32.164585
Jordan,2020,78.443,21.557000000000002,34.568913
Jordan,2021,76.463,23.537000000000003,30.945608
Kazakhstan,1990,91.57000000000001,8.43,19.429956
Kazakhstan,1991,91.001,9.0,19.55694
Kazakhstan,1992,91.19000000000001,8.814,19.34235
Kazakhstan,1993,89.634,10.368,19.12776
Kazakhstan,1994,85.69200000000001,14.315000000000001,18.913168
Kazakhstan,1995,87.406,12.602,19.381727
Kazakhstan,1996,87.37700000000001,12.629,18.483988
Kazakhstan,1997,86.92,13.075999999999999,18.269398
Kazakhstan,1998,87.49600000000001,12.508,18.054806
Kazakhstan,1999,87.032,12.964,17.840216
Kazakhstan,2000,85.418,14.582,17.284052
Kazakhstan,2001,85.40999999999998,14.59,17.986486
Kazakhstan,2002,84.759,15.241,17.833395
Kazakhstan,2003,86.502,13.498,16.989092
Kazakhstan,2004,87.96200000000002,12.039,16.412317
Kazakhstan,2005,88.427,11.572,16.913559
Kazakhstan,2006,89.15700000000001,10.843,19.406214
Kazakhstan,2007,89.33699999999999,10.663,20.730652
Kazakhstan,2008,90.71600000000001,9.284,21.31333
Kazakhstan,2009,91.261,8.739,20.807377
Kazakhstan,2010,90.296,9.704,20.957792
Kazakhstan,2011,90.899,9.101,20.658218
Kazakhstan,2012,91.569,8.431,20.76326
Kazakhstan,2013,91.65299999999999,8.347,21.51262
Kazakhstan,2014,91.262,8.738999999999999,21.058136
Kazakhstan,2015,89.689,10.312999999999999,20.410078
Kazakhstan,2016,87.34,12.661000000000001,19.078152
Kazakhstan,2017,88.712,11.290000000000001,20.224726
Kazakhstan,2018,89.83,10.174,19.304552
Kazakhstan,2019,89.585,10.42,20.668484
Kazakhstan,2020,89.00899999999999,10.987,20.087431
Kazakhstan,2021,89.463,10.539,20.788254
Kazakhstan,2022,88.66,11.343000000000002,18.993572
Kenya,2000,49.877,50.123999999999995,18.969126
Kenya,2001,33.043,66.956,21.764772
Kenya,2002,23.158,76.842,20.354523
Kenya,2003,19.412,80.588,17.48301
Kenya,2004,26.606,73.394,16.848406
Kenya,2005,28.79,71.209,16.611118
Kenya,2006,29.114,70.886,19.565453
Kenya,2007,28.681,71.319,21.035082
Kenya,2008,34.688,65.312,20.96044
Kenya,2009,41.553,58.44800000000001,19.46674
Kenya,2010,29.363,70.637,21.805212
Kenya,2011,31.662,68.338,21.800877
Kenya,2012,25.093,74.908,21.045897
Kenya,2013,29.689,70.31,21.312853
Kenya,2014,19.952,80.048,18.902342
Kenya,2015,14.488,85.512,18.820576
Kenya,2016,14.757,85.24199999999999,19.368282
Kenya,2017,21.402,78.598,18.11231
Kenya,2018,12.978,87.023,19.831438
Kenya,2019,10.879,89.12,20.251902
Kenya,2020,7.83,92.17,22.703945
Kenya,2021,8.199,91.8,20.74171
Kenya,2022,10.219,89.78,20.774597
Kiribati,2000,100.0,0.0,5.039044
Kiribati,2001,100.0,0.0,5.327429
Kiribati,2002,100.0,0.0,4.762459
Kiribati,2003,100.0,0.0,5.0246086
Kiribati,2004,100.0,0.0,4.6260757
Kiribati,2005,100.0,0.0,4.9944296
Kiribati,2006,100.0,0.0,4.859267
Kiribati,2007,100.0,0.0,4.585526
Kiribati,2008,100.0,0.0,4.725227
Kiribati,2009,100.0,0.0,5.284003
Kiribati,2010,100.0,0.0,4.5130463
Kiribati,2011,100.0,0.0,4.22789
Kiribati,2012,100.0,0.0,4.518104
Kiribati,2013,100.0,0.0,4.6373205
Kiribati,2014,100.0,0.0,4.4333925
Kiribati,2015,100.0,0.0,5.8238864
Kiribati,2016,100.0,0.0,3.620478
Kiribati,2017,100.0,0.0,3.838774
Kiribati,2018,100.0,0.0,3.8936203
Kiribati,2019,100.0,0.0,5.5155053
Kiribati,2020,100.0,0.0,4.0623226
Kiribati,2021,100.0,0.0,3.4609845
Kuwait,2000,100.0,0.0,61.8598
Kuwait,2001,100.0,0.0,62.134857
Kuwait,2002,100.0,0.0,56.893223
Kuwait,2003,100.0,0.0,66.93812
Kuwait,2004,100.0,0.0,58.343784
Kuwait,2005,100.0,0.0,67.949615
Kuwait,2006,100.0,0.0,58.66125
Kuwait,2007,100.0,0.0,57.640987
Kuwait,2008,100.0,0.0,61.85109
Kuwait,2009,100.0,0.0,67.51049
Kuwait,2010,100.0,0.0,63.813435
Kuwait,2011,100.0,0.0,64.31218
Kuwait,2012,100.0,0.0,66.15352
Kuwait,2013,99.983,0.017,63.404366
Kuwait,2014,99.984,0.016,50.584892
Kuwait,2015,99.984,0.016,66.611465
Kuwait,2016,99.97,0.03,57.043324
Kuwait,2017,99.942,0.059,61.91287
Kuwait,2018,99.914,0.08600000000000001,64.51557
Kuwait,2019,99.915,0.085,57.82591
Kuwait,2020,99.925,0.075,56.63378
Kuwait,2021,99.93,0.07,61.969387
Kyrgyzstan,2000,13.749,86.251,22.117933
Kyrgyzstan,2001,16.087,83.913,22.250174
Kyrgyzstan,2002,16.822,83.178,22.829521
Kyrgyzstan,2003,12.663,87.337,21.052721
Kyrgyzstan,2004,12.976,87.024,21.026411
Kyrgyzstan,2005,13.525,86.475,21.64628
Kyrgyzstan,2006,13.515,86.485,22.153582
Kyrgyzstan,2007,13.512,86.488,22.22275
Kyrgyzstan,2008,13.546,86.454,22.206266
Kyrgyzstan,2009,7.418,92.582,22.530489
Kyrgyzstan,2010,7.795,92.205,20.466942
Kyrgyzstan,2011,6.417,93.583,20.20067
Kyrgyzstan,2012,6.212,93.788,21.344555
Kyrgyzstan,2013,6.205,93.795,21.813934
Kyrgyzstan,2014,8.357,91.643,20.54172
Kyrgyzstan,2015,14.141,85.859,22.081675
Kyrgyzstan,2016,12.73,87.27,20.823092
Kyrgyzstan,2017,8.044,91.956,20.201284
Kyrgyzstan,2018,7.386,92.614,20.61861
Kyrgyzstan,2019,7.615,92.385,22.278713
Kyrgyzstan,2020,8.472,91.528,19.433113
Kyrgyzstan,2021,10.097,89.903,21.825457
Laos,2000,9.642,90.358,37.698505
Laos,2001,9.589,90.411,37.166992
Laos,2002,9.577,90.423,37.49605
Laos,2003,9.585,90.415,35.444046
Laos,2004,0.0,100.0,38.090237
Laos,2005,0.0,100.0,38.250706
Laos,2006,0.0,100.0,33.28884
Laos,2007,0.0,100.0,30.01856
Laos,2008,0.0,100.0,29.78188
Laos,2009,0.0,100.0,27.498768
Laos,2010,0.0,100.0,31.34452
Laos,2011,0.0,100.0,28.609362
Laos,2012,0.0,100.0,26.407621
Laos,2013,0.0,100.0,28.50052
Laos,2014,0.0,100.0,29.03445
Laos,2015,12.851,87.149,26.311996
Laos,2016,29.297,70.70299999999999,29.699791
Laos,2017,33.158,66.842,26.282387
Laos,2018,31.879,68.12100000000001,26.133795
Laos,2019,33.388,66.612,27.87034
Laos,2020,25.866,74.134,28.050955
Laos,2021,27.045,72.954,26.067183
Latvia,1990,32.331,67.669,36.095787
Latvia,1991,41.946999999999996,58.053,35.81959
Latvia,1992,34.375,65.625,35.16792
Latvia,1993,26.717,73.282,34.516243
Latvia,1994,25.45,74.55,33.864567
Latvia,1995,26.316,73.684,33.963852
Latvia,1996,40.385000000000005,59.615,32.561214
Latvia,1997,34.59,65.41,31.90954
Latvia,1998,25.518,74.483,31.257864
Latvia,1999,32.846000000000004,67.153,30.60619
Latvia,2000,31.884,68.116,29.579033
Latvia,2001,33.724000000000004,66.276,27.349255
Latvia,2002,37.531,62.46900000000001,31.59163
Latvia,2003,41.058,58.942,27.421885
Latvia,2004,31.769,68.23,23.557987
Latvia,2005,30.488,69.51200000000001,23.681803
Latvia,2006,42.945,57.055,21.738708
Latvia,2007,40.756,59.243,20.792269
Latvia,2008,39.089,60.911,20.154982
Latvia,2009,36.086,63.91400000000001,18.479588
Latvia,2010,45.098,54.901999999999994,20.889822
Latvia,2011,49.425,50.574,16.989334
Latvia,2012,33.387,66.613,17.834455
Latvia,2013,43.065,56.935,17.065907
Latvia,2014,45.525,54.474999999999994,18.054007
Latvia,2015,49.819,50.181,15.657961
Latvia,2016,45.794,54.206,14.121611
Latvia,2017,27.49,72.51,13.43774
Latvia,2018,48.066,51.935,16.88999
Latvia,2019,50.466,49.534000000000006,13.953688
Latvia,2020,36.364,63.637,14.009821
Latvia,2021,36.41,63.59,15.650645
Latvia,2022,27.866,72.135,13.922154
Lebanon,2000,95.212,4.788,24.496302
Lebanon,2001,96.552,3.448,26.10688
Lebanon,2002,93.93599999999999,6.063,26.93755
Lebanon,2003,88.741,11.259,28.033226
Lebanon,2004,90.58500000000001,9.415,27.591862
Lebanon,2005,91.142,8.859,25.724756
Lebanon,2006,93.69800000000001,6.301,25.912731
Lebanon,2007,94.903,5.097,26.081327
Lebanon,2008,97.056,2.944,25.694782
Lebanon,2009,95.223,4.777,25.114553
Lebanon,2010,94.395,5.604,28.944118
Lebanon,2011,94.795,5.205,25.823677
Lebanon,2012,93.50399999999999,6.495,25.237976
Lebanon,2013,92.849,7.151,26.67505
Lebanon,2014,98.699,1.3,24.427994
Lebanon,2015,97.097,2.9029999999999996,27.38288
Lebanon,2016,97.483,2.5170000000000003,24.931698
Lebanon,2017,97.406,2.5949999999999998,25.886671
Lebanon,2018,97.654,2.346,26.923914
Lebanon,2019,94.499,5.500000000000001,27.880209
Lebanon,2020,93.792,6.207999999999999,26.068079
Lebanon,2021,94.50999999999999,5.491,25.226557
Lesotho,2000,0.0,100.0,28.53607
Lesotho,2001,0.0,100.0,29.44649
Lesotho,2002,0.0,100.0,29.594099
Lesotho,2003,0.0,100.0,26.630283
Lesotho,2004,0.0,100.0,24.297604
Lesotho,2005,0.0,100.0,24.235348
Lesotho,2006,0.0,100.0,28.212355
Lesotho,2007,0.0,100.0,30.08915
Lesotho,2008,0.0,100.0,29.49133
Lesotho,2009,0.0,100.0,30.24721
Lesotho,2010,0.0,100.0,33.492855
Lesotho,2011,0.0,100.0,30.438261
Lesotho,2012,0.0,100.0,27.070799
Lesotho,2013,0.0,100.0,26.982752
Lesotho,2014,0.0,100.0,25.45884
Lesotho,2015,0.0,100.0,26.856504
Lesotho,2016,0.0,100.0,24.264038
Lesotho,2017,0.0,100.0,28.582005
Lesotho,2018,0.0,100.0,27.364897
Lesotho,2019,0.0,100.0,25.88445
Lesotho,2020,0.0,100.0,27.10074
Lesotho,2021,0.0,100.0,27.11277
Liberia,2000,100.0,0.0,19.03926
Liberia,2001,100.0,0.0,16.135715
Liberia,2002,100.0,0.0,18.73969
Liberia,2003,100.0,0.0,15.538216
Liberia,2004,100.0,0.0,23.22902
Liberia,2005,100.0,0.0,20.6417
Liberia,2006,100.0,0.0,19.53836
Liberia,2007,100.0,0.0,20.003103
Liberia,2008,100.0,0.0,21.211466
Liberia,2009,100.0,0.0,20.563944
Liberia,2010,100.0,0.0,16.985813
Liberia,2011,100.0,0.0,21.46548
Liberia,2012,100.0,0.0,18.659225
Liberia,2013,100.0,0.0,17.312704
Liberia,2014,100.0,0.0,16.211002
Liberia,2015,100.0,0.0,23.565132
Liberia,2016,100.0,0.0,20.896713
Liberia,2017,100.0,0.0,18.739073
Liberia,2018,100.0,0.0,18.556282
Liberia,2019,100.0,0.0,17.958517
Liberia,2020,40.449,59.551,19.134865
Liberia,2021,42.391,57.609,16.862478
Libya,2000,100.0,0.0,22.873705
Libya,2001,100.0,0.0,24.788616
Libya,2002,100.0,0.0,23.63694
Libya,2003,100.0,0.0,25.364735
Libya,2004,100.0,0.0,26.629892
Libya,2005,100.0,0.0,27.446594
Libya,2006,100.0,0.0,23.037645
Libya,2007,100.0,0.0,23.160044
Libya,2008,100.0,0.0,24.504194
Libya,2009,100.0,0.0,25.06049
Libya,2010,99.967,0.033,28.723736
Libya,2011,99.959,0.041,21.993263
Libya,2012,99.968,0.031,19.598988
Libya,2013,99.971,0.028,26.00071
Libya,2014,99.97200000000001,0.028,21.048937
Libya,2015,99.971,0.028,19.946547
Libya,2016,99.96600000000001,0.034,23.802313
Libya,2017,99.968,0.032,18.55297
Libya,2018,99.969,0.031,23.417965
Libya,2019,99.96799999999999,0.032,20.008976
Libya,2020,99.96600000000001,0.033,18.8605
Libya,2021,99.968,0.031,22.048199
Lithuania,1990,38.504999999999995,61.495,31.569784
Lithuania,1991,40.88,59.12,31.402111
Lithuania,1992,19.32,80.68,30.831276
Lithuania,1993,9.058,90.94200000000001,30.26044
Lithuania,1994,16.136,83.864,29.689606
Lithuania,1995,9.637,90.363,29.925098
Lithuania,1996,11.913,88.08600000000001,28.547937
Lithuania,1997,14.146999999999998,85.854,27.977102
Lithuania,1998,18.304000000000002,81.696,27.406267
Lithuania,1999,21.121000000000002,78.879,26.835432
Lithuania,2000,20.58,79.42,25.861433
Lithuania,2001,18.194000000000003,81.80499999999999,24.274284
Lithuania,2002,15.510000000000002,84.49,27.199224
Lithuania,2003,15.273000000000001,84.727,23.666264
Lithuania,2004,16.416,83.584,20.422998
Lithuania,2005,24.051,75.949,20.40226
Lithuania,2006,23.505000000000003,76.495,17.31228
Lithuania,2007,21.316,78.685,16.945566
Lithuania,2008,19.862,80.138,17.279314
Lithuania,2009,19.764000000000003,80.237,16.576622
Lithuania,2010,80.842,19.158,19.293158
Lithuania,2011,72.18,27.818999999999996,16.31045
Lithuania,2012,72.558,27.441,16.415943
Lithuania,2013,61.55800000000001,38.441,15.571229
Lithuania,2014,56.358000000000004,43.642,16.227688
Lithuania,2015,58.0,42.0,14.313344
Lithuania,2016,38.416,61.58299999999999,12.61241
Lithuania,2017,24.477,75.52199999999999,12.524683
Lithuania,2018,20.0,80.0,14.399002
Lithuania,2019,21.338,78.662,12.1457405
Lithuania,2020,43.268,56.733,11.43459
Lithuania,2021,37.171,62.83,13.125768
Lithuania,2022,25.18,74.82,11.099431
Low-income countries,2000,45.179,54.82,31.702133
Low-income countries,2001,44.765,55.236000000000004,32.033722
Low-income countries,2002,45.734,54.266,31.608139
Low-income countries,2003,47.13,52.871,30.59428
Low-income countries,2004,45.927,54.073,32.86365
Low-income countries,2005,46.178,53.823,31.776716
Low-income countries,2006,47.547,52.454,31.841887
Low-income countries,2007,47.183,52.818000000000005,32.324673
Low-income countries,2008,49.761,50.239000000000004,32.68886
Low-income countries,2009,49.928,50.071999999999996,31.58907
Low-income countries,2010,47.864000000000004,52.135,33.048107
Low-income countries,2011,43.517,56.484,33.66873
Low-income countries,2012,40.876000000000005,59.125,33.3414
Low-income countries,2013,34.656,65.343,33.006775
Low-income countries,2014,32.716,67.28299999999999,30.604017
Low-income countries,2015,33.681,66.319,34.63662
Low-income countries,2016,33.759,66.241,32.82354
Low-income countries,2017,33.783,66.216,31.806372
Low-income countries,2018,32.848,67.153,30.758923
Low-income countries,2019,32.973,67.027,31.295341
Low-income countries,2020,30.489,69.511,30.931828
Low-income countries,2021,31.091,68.91,31.167122
Lower-middle-income countries,1990,60.22,25.901,48.94007
Lower-middle-income countries,1991,60.346000000000004,25.825,48.126427
Lower-middle-income countries,1992,60.301,25.692000000000004,48.122772
Lower-middle-income countries,1993,59.791,26.382,48.120922
Lower-middle-income countries,1994,59.903999999999996,26.089,48.118683
Lower-middle-income countries,1995,60.865,24.893000000000004,46.489902
Lower-middle-income countries,1996,60.748,25.099000000000004,48.12014
Lower-middle-income countries,1997,62.415,23.262,48.124565
Lower-middle-income countries,1998,61.540000000000006,24.713,48.13174
Lower-middle-income countries,1999,63.58,23.323,48.146458
Lower-middle-income countries,2000,74.47500000000001,25.526,48.979866
Lower-middle-income countries,2001,74.854,25.145,47.92764
Lower-middle-income countries,2002,75.87700000000001,24.123,48.943737
Lower-middle-income countries,2003,75.94900000000001,24.05,48.87867
Lower-middle-income countries,2004,74.489,25.510999999999996,48.75124
Lower-middle-income countries,2005,75.06200000000001,24.938000000000002,48.305363
Lower-middle-income countries,2006,74.711,25.288999999999998,46.85903
Lower-middle-income countries,2007,74.976,25.025000000000002,46.995125
Lower-middle-income countries,2008,76.16399999999999,23.836000000000002,48.18376
Lower-middle-income countries,2009,77.242,22.758,48.28342
Lower-middle-income countries,2010,76.891,23.109,48.306236
Lower-middle-income countries,2011,76.17500000000001,23.825,49.960976
Lower-middle-income countries,2012,76.90299999999999,23.098,49.042427
Lower-middle-income countries,2013,76.292,23.708,47.411728
Lower-middle-income countries,2014,77.087,22.912,47.173046
Lower-middle-income countries,2015,77.97,22.029,49.26652
Lower-middle-income countries,2016,78.359,21.64,49.964634
Lower-middle-income countries,2017,77.09200000000001,22.908,50.09139
Lower-middle-income countries,2018,76.755,23.246,51.592133
Lower-middle-income countries,2019,75.82300000000001,24.177999999999997,48.183727
Lower-middle-income countries,2020,74.59100000000001,25.407999999999998,48.43243
Lower-middle-income countries,2021,75.002,24.999000000000002,50.559513
Lower-middle-income countries,2022,64.147,23.196,47.99638
Luxembourg,1990,87.097,12.902999999999999,19.589005
Luxembourg,1991,87.143,12.858,19.585188
Luxembourg,1992,87.878,12.121,19.301939
Luxembourg,1993,88.06,11.941,19.01869
Luxembourg,1994,81.356,18.644,18.73544
Luxembourg,1995,77.551,22.449,19.011057
Luxembourg,1996,82.22200000000001,17.777,18.168941
Luxembourg,1997,75.60900000000001,24.39,17.88569
Luxembourg,1998,59.459,40.540000000000006,17.602442
Luxembourg,1999,63.888999999999996,36.112,17.319193
Luxembourg,2000,60.0,40.0,16.75651
Luxembourg,2001,80.45899999999999,19.54,15.9868
Luxembourg,2002,94.642,5.356,16.045637
Luxembourg,2003,94.982,5.017,17.531414
Luxembourg,2004,94.362,5.638000000000001,15.566613
Luxembourg,2005,93.732,6.27,15.888388
Luxembourg,2006,92.938,7.062,15.051016
Luxembourg,2007,91.85000000000001,8.151,14.881171
Luxembourg,2008,89.706,10.294,15.217475
Luxembourg,2009,91.429,8.572,15.827852
Luxembourg,2010,91.66600000000001,8.333,15.859984
Luxembourg,2011,90.90899999999999,9.091000000000001,15.19649
Luxembourg,2012,88.768,11.232,13.11465
Luxembourg,2013,80.435,19.564999999999998,14.300693
Luxembourg,2014,79.057,20.942,11.959913
Luxembourg,2015,67.911,32.09,11.885552
Luxembourg,2016,41.772000000000006,58.228,11.184715
Luxembourg,2017,33.333,66.667,10.821119
Luxembourg,2018,29.165999999999997,70.834,10.786293
Luxembourg,2019,25.234,74.76599999999999,8.853023
Luxembourg,2020,20.492,79.509,8.14727
Luxembourg,2021,19.512,80.487,8.975119
Luxembourg,2022,14.16,85.84100000000001,9.075538
Madagascar,2000,30.769,69.231,11.140787
Madagascar,2001,40.449,59.551,15.566811
Madagascar,2002,37.931,62.069,11.769776
Madagascar,2003,39.394,60.606,11.439086
Madagascar,2004,42.727,57.273,10.174021
Madagascar,2005,42.342,57.658,11.880813
Madagascar,2006,44.248,55.752,14.153465
Madagascar,2007,39.831,60.169,15.128234
Madagascar,2008,43.902,56.098,15.21192
Madagascar,2009,40.65,59.35,14.953642
Madagascar,2010,46.97,53.03,16.602602
Madagascar,2011,49.253,50.746,14.831779
Madagascar,2012,55.882000000000005,44.118,13.681442
Madagascar,2013,56.217,43.784,14.277352
Madagascar,2014,54.821999999999996,45.178000000000004,13.102057
Madagascar,2015,53.883,46.117,13.784145
Madagascar,2016,55.445,44.554,13.695425
Madagascar,2017,63.637,36.364,13.00084
Madagascar,2018,56.827999999999996,43.172,12.96457
Madagascar,2019,54.727000000000004,45.274,13.773824
Madagascar,2020,65.482,34.518,12.358185
Madagascar,2021,65.55,34.45,12.739189
Malawi,2000,12.097,87.90299999999999,18.656002
Malawi,2001,11.905,88.096,21.326385
Malawi,2002,12.03,87.97,19.258276
Malawi,2003,8.889,91.111,18.419506
Malawi,2004,10.067,89.93299999999999,18.050259
Malawi,2005,9.15,90.85,18.394041
Malawi,2006,8.974,91.025,20.09759
Malawi,2007,8.805,91.19500000000001,21.205297
Malawi,2008,6.358,93.641,21.422153
Malawi,2009,7.602,92.397,19.869164
Malawi,2010,6.633,93.368,21.162708
Malawi,2011,6.468,93.533,19.167889
Malawi,2012,6.22,93.779,18.85986
Malawi,2013,6.22,93.779,18.908339
Malawi,2014,5.882,94.117,16.948957
Malawi,2015,5.882,94.117,17.98487
Malawi,2016,6.818,93.182,16.557278
Malawi,2017,9.091,90.909,16.040255
Malawi,2018,12.195,87.805,18.773565
Malawi,2019,11.765,88.236,19.596437
Malawi,2020,12.281,87.71900000000001,16.389982
Malawi,2021,15.493,84.508,15.696727
Malaysia,1990,82.668,17.495,31.241123
Malaysia,1991,83.399,16.757,29.388186
Malaysia,1992,86.34200000000001,13.658,28.5279
Malaysia,1993,86.086,13.914,27.667618
Malaysia,1994,83.693,16.308,26.807333
Malaysia,1995,86.65,13.351,23.96174
Malaysia,1996,90.29400000000001,9.706,25.086765
Malaysia,1997,93.037,6.963,24.226482
Malaysia,1998,93.051,6.949,23.3662
Malaysia,1999,88.92099999999999,11.078,22.505915
Malaysia,2000,89.272,10.729000000000001,22.638285
Malaysia,2001,91.304,8.702,21.227629
Malaysia,2002,92.791,7.215,22.341022
Malaysia,2003,93.342,6.6530000000000005,21.29302
Malaysia,2004,93.557,6.44,22.49801
Malaysia,2005,93.292,6.71,22.103151
Malaysia,2006,93.27900000000001,6.7250000000000005,20.52743
Malaysia,2007,93.792,6.208,18.294806
Malaysia,2008,92.421,7.574999999999999,17.046072
Malaysia,2009,92.858,7.145,19.750748
Malaysia,2010,93.894,6.109,14.601187
Malaysia,2011,92.44300000000001,7.555,18.222277
Malaysia,2012,91.97,8.032,18.524616
Malaysia,2013,90.745,9.257,19.681044
Malaysia,2014,90.29700000000001,9.706000000000001,20.390547
Malaysia,2015,90.04700000000001,9.953,25.187654
Malaysia,2016,86.53699999999999,13.463,16.238718
Malaysia,2017,82.60700000000001,17.394999999999996,14.524924
Malaysia,2018,83.403,16.597,16.156042
Malaysia,2019,83.88400000000001,15.844999999999999,20.89865
Malaysia,2020,81.96200000000002,17.750999999999998,13.659905
Malaysia,2021,80.68700000000001,19.037,14.100569
Malaysia,2022,80.95899999999999,18.771,15.333167
Maldives,2000,100.0,0.0,21.084078
Maldives,2001,100.0,0.0,20.371305
Maldives,2002,100.0,0.0,20.417711
Maldives,2003,100.0,0.0,20.702417
Maldives,2004,100.0,0.0,21.724205
Maldives,2005,100.0,0.0,20.171406
Maldives,2006,100.0,0.0,16.143341
Maldives,2007,100.0,0.0,13.515298
Maldives,2008,100.0,0.0,13.911706
Maldives,2009,100.0,0.0,14.08427
Maldives,2010,100.0,0.0,11.69314
Maldives,2011,100.0,0.0,14.686593
Maldives,2012,100.0,0.0,12.68766
Maldives,2013,100.0,0.0,12.772538
Maldives,2014,98.039,1.961,12.2486925
Maldives,2015,98.246,1.754,11.150385
Maldives,2016,98.361,1.639,14.5794325
Maldives,2017,96.774,3.226,14.525988
Maldives,2018,95.312,4.688,13.273063
Maldives,2019,95.312,4.688,11.771793
Maldives,2020,93.443,6.557,11.061513
Maldives,2021,92.424,7.576,10.746092
Mali,2000,35.897,64.102,36.163986
Mali,2001,37.5,62.5,33.330765
Mali,2002,36.585,63.415,36.004425
Mali,2003,39.535,60.465,32.366734
Mali,2004,39.13,60.87,42.143227
Mali,2005,37.179,62.82,36.423485
Mali,2006,36.905,63.095,39.354942
Mali,2007,37.349,62.651,41.83639
Mali,2008,37.0,63.0,42.13282
Mali,2009,34.821,65.178,37.903557
Mali,2010,30.994,69.00599999999999,42.706543
Mali,2011,34.737,65.263,41.39284
Mali,2012,39.381,60.61899999999999,44.070316
Mali,2013,45.614,54.386,33.676575
Mali,2014,36.017,63.983000000000004,38.017597
Mali,2015,45.259,54.741,44.172035
Mali,2016,41.516,58.483999999999995,40.466076
Mali,2017,49.848,50.152,40.82719
Mali,2018,55.807,44.193000000000005,36.882183
Mali,2019,64.759,35.241,35.4028
Mali,2020,63.75,36.251,34.645924
Mali,2021,64.012,35.989000000000004,34.914387
Malta,1990,100.0,0.0,15.997734
Malta,1991,100.0,0.0,16.23554
Malta,1992,100.0,0.0,16.254187
Malta,1993,100.0,0.0,16.272833
Malta,1994,100.0,0.0,16.29148
Malta,1995,100.0,0.0,16.748447
Malta,1996,100.0,0.0,16.328772
Malta,1997,100.0,0.0,16.347418
Malta,1998,100.0,0.0,16.366064
Malta,1999,100.0,0.0,16.38471
Malta,2000,100.0,0.0,16.184196
Malta,2001,100.0,0.0,15.777853
Malta,2002,100.0,0.0,15.984196
Malta,2003,100.0,0.0,17.574177
Malta,2004,100.0,0.0,16.186504
Malta,2005,100.0,0.0,15.388735
Malta,2006,100.0,0.0,14.772366
Malta,2007,100.0,0.0,14.555473
Malta,2008,100.0,0.0,14.855118
Malta,2009,100.0,0.0,13.582922
Malta,2010,100.0,0.0,13.320291
Malta,2011,100.0,0.0,14.639881
Malta,2012,98.696,1.305,12.966599
Malta,2013,98.23,1.769,12.234164
Malta,2014,96.444,3.555,11.792586
Malta,2015,92.308,7.692,12.947012
Malta,2016,83.721,16.279,11.6920805
Malta,2017,89.697,10.302999999999999,11.450317
Malta,2018,89.847,10.152999999999999,12.5364
Malta,2019,89.855,10.145000000000001,12.115248
Malta,2020,88.372,11.628,10.416397
Malta,2021,87.83800000000001,12.161999999999999,11.922421
Malta,2022,99.5,0.5,11.578292
Mauritania,2000,86.957,13.043,52.696568
Mauritania,2001,88.889,11.111,41.93935
Mauritania,2002,94.0,6.0,45.922028
Mauritania,2003,91.489,8.511,46.104355
Mauritania,2004,92.157,7.843,45.677654
Mauritania,2005,90.0,10.0,46.21886
Mauritania,2006,88.889,11.111,46.480057
Mauritania,2007,89.362,10.638,48.10066
Mauritania,2008,89.091,10.909,48.350594
Mauritania,2009,81.034,18.966,44.565025
Mauritania,2010,81.25,18.75,47.605446
Mauritania,2011,84.337,15.663,49.01965
Mauritania,2012,84.615,15.385,54.102585
Mauritania,2013,77.66,22.34,42.78233
Mauritania,2014,77.551,22.448,43.94533
Mauritania,2015,71.93,28.071,53.016285
Mauritania,2016,76.033,23.967,47.911892
Mauritania,2017,78.146,21.855,50.45277
Mauritania,2018,74.556,25.444000000000003,46.467606
Mauritania,2019,74.725,25.274,43.691498
Mauritania,2020,72.881,27.119,45.44532
Mauritania,2021,73.404,26.596,48.987965
Mauritius,2000,83.333,16.667,14.700544
Mauritius,2001,82.778,17.222,14.510907
Mauritius,2002,82.162,17.838,14.301953
Mauritius,2003,81.313,18.686999999999998,14.455101
Mauritius,2004,81.951,18.049,14.9584465
Mauritius,2005,71.02799999999999,28.972,17.403866
Mauritius,2006,84.234,15.766000000000002,17.015957
Mauritius,2007,84.913,15.086,16.862968
Mauritius,2008,84.774,15.227,16.934734
Mauritius,2009,80.082,19.919,16.765064
Mauritius,2010,81.712,18.288,16.476992
Mauritius,2011,84.615,15.385,15.968964
Mauritius,2012,86.742,13.258,15.413204
Mauritius,2013,86.08,13.92,15.203665
Mauritius,2014,85.0,14.999,14.179959
Mauritius,2015,82.867,17.133,14.319408
Mauritius,2016,83.449,16.551,15.431871
Mauritius,2017,84.849,15.152000000000001,15.186108
Mauritius,2018,82.491,17.509,15.155739
Mauritius,2019,80.906,19.094,15.023682
Mauritius,2020,79.197,20.803,14.137547
Mauritius,2021,79.167,20.833,14.240116
Mexico,1990,72.32300000000001,27.676,21.770672
Mexico,1991,74.564,25.435000000000002,21.719616
Mexico,1992,71.95,28.049000000000003,21.622332
Mexico,1993,71.709,28.29,21.52505
Mexico,1994,78.961,21.035,21.427765
Mexico,1995,71.753,28.244999999999997,21.422937
Mexico,1996,70.999,29.0,21.233196
Mexico,1997,74.37899999999999,25.619999999999997,21.135914
Mexico,1998,77.899,22.102,21.03863
Mexico,1999,74.311,25.687000000000005,20.941345
Mexico,2000,73.047,26.951999999999998,20.797832
Mexico,2001,76.214,23.786,16.964832
Mexico,2002,78.055,21.945,17.41477
Mexico,2003,79.218,20.781,17.696896
Mexico,2004,78.729,21.272,15.6942835
Mexico,2005,77.262,22.738,15.786749
Mexico,2006,77.182,22.817,16.977503
Mexico,2007,78.644,21.355,17.545368
Mexico,2008,74.673,25.326999999999998,17.310293
Mexico,2009,79.344,20.654999999999998,17.0732
Mexico,2010,78.43100000000001,21.569,15.853057
Mexico,2011,78.461,21.539,17.960392
Mexico,2012,80.47,19.529999999999998,16.88507
Mexico,2013,80.489,19.509999999999998,17.567867
Mexico,2014,76.994,23.005,15.934823
Mexico,2015,78.649,21.351,17.003267
Mexico,2016,79.13,20.869999999999997,16.532682
Mexico,2017,78.505,21.494999999999997,16.828588
Mexico,2018,78.285,21.716,16.33139
Mexico,2019,78.03099999999999,21.969,17.084574
Mexico,2020,75.405,24.593999999999998,16.72376
Mexico,2021,72.672,27.326,16.824308
Mexico,2022,74.09700000000001,25.902,16.632992
Moldova,2000,92.655,7.345,28.12246
Moldova,2001,93.617,6.383,28.261154
Moldova,2002,93.934,6.066,30.89983
Moldova,2003,93.95,6.05,25.047705
Moldova,2004,93.965,6.034,23.203615
Moldova,2005,93.969,6.03,22.352749
Moldova,2006,93.914,6.086,21.093401
Moldova,2007,94.048,5.952,19.866684
Moldova,2008,93.678,6.323,18.583656
Moldova,2009,94.346,5.654,18.040218
Moldova,2010,93.45400000000001,6.547,17.25057
Moldova,2011,93.955,6.045,18.198187
Moldova,2012,95.345,4.655,20.133127
Moldova,2013,93.11099999999999,6.889,17.571968
Moldova,2014,93.87700000000001,6.123,18.281544
Moldova,2015,95.529,4.471,16.194078
Moldova,2016,95.898,4.103,16.891998
Moldova,2017,93.952,6.0489999999999995,18.172869
Moldova,2018,94.424,5.577,17.170195
Moldova,2019,93.849,6.151000000000001,14.342763
Moldova,2020,94.499,5.502,15.583903
Moldova,2021,93.694,6.306,15.613578
Moldova,2022,93.122,6.878,14.552322
Mongolia,2000,100.0,0.0,27.48538
Mongolia,2001,100.0,0.0,27.833773
Mongolia,2002,100.0,0.0,29.839535
Mongolia,2003,100.0,0.0,30.849545
Mongolia,2004,100.0,0.0,26.264147
Mongolia,2005,100.0,0.0,26.965406
Mongolia,2006,100.0,0.0,42.786587
Mongolia,2007,100.0,0.0,47.649704
Mongolia,2008,99.744,0.256,47.478153
Mongolia,2009,99.746,0.254,44.293526
Mongolia,2010,98.768,1.2309999999999999,43.695255
Mongolia,2011,98.595,1.405,46.17387
Mongolia,2012,98.675,1.3250000000000002,43.512703
Mongolia,2013,97.458,2.542,45.41287
Mongolia,2014,95.858,4.142,41.32158
Mongolia,2015,95.761,4.239,44.900978
Mongolia,2016,95.318,4.681,47.47948
Mongolia,2017,95.471,4.5280000000000005,43.80216
Mongolia,2018,92.846,7.155,40.279675
Mongolia,2019,90.046,9.954,44.152943
Mongolia,2020,89.881,10.119,40.220604
Mongolia,2021,90.169,9.832,48.74959
Mongolia,2022,91.197,8.803,40.92158
Montenegro,2005,34.843,65.157,25.172714
Montenegro,2006,40.678,59.322,25.758623
Montenegro,2007,40.187,59.813,25.207108
Montenegro,2008,45.583,54.417,24.212236
Montenegro,2009,25.0,75.0,23.74572
Montenegro,2010,31.592,68.408,21.538244
Montenegro,2011,54.717,45.283,28.799154
Montenegro,2012,48.07,51.93,24.197943
Montenegro,2013,36.548,63.452,22.917126
Montenegro,2014,44.795,55.205,20.08248
Montenegro,2015,50.333,49.667,22.505983
Montenegro,2016,41.401,58.599,20.802885
Montenegro,2017,54.839,45.161,21.936039
Montenegro,2018,40.789,59.21,22.166515
Montenegro,2019,43.732,56.268,19.940134
Montenegro,2020,47.788,52.213,19.452509
Montenegro,2021,38.196,61.804,18.561607
Montenegro,2022,47.678,52.322,18.682209
Morocco,2000,93.652,6.348,18.681627
Morocco,2001,92.465,7.535,18.202112
Morocco,2002,93.20599999999999,6.7940000000000005,17.390285
Morocco,2003,90.048,9.952,17.405891
Morocco,2004,89.77199999999999,10.229000000000001,18.831055
Morocco,2005,93.712,6.287,18.85804
Morocco,2006,93.928,6.072,19.624733
Morocco,2007,93.84700000000001,6.1530000000000005,19.731462
Morocco,2008,93.789,6.211,19.597832
Morocco,2009,85.365,14.635,20.69131
Morocco,2010,82.65700000000001,17.343000000000004,21.062624
Morocco,2011,89.236,10.764,20.01179
Morocco,2012,91.16399999999999,8.836,18.16456
Morocco,2013,84.35499999999999,15.645000000000001,17.287813
Morocco,2014,86.987,13.013,17.51288
Morocco,2015,84.936,15.065000000000001,19.867094
Morocco,2016,84.449,15.550999999999998,18.960247
Morocco,2017,85.13499999999999,14.865,21.32696
Morocco,2018,80.952,19.048000000000002,18.457155
Morocco,2019,80.99000000000001,19.01,17.160069
Morocco,2020,81.71,18.29,17.674555
Morocco,2021,80.194,19.807000000000002,18.880898
Mozambique,2000,0.312,99.688,16.4128
Mozambique,2001,0.34,99.661,18.493174
Mozambique,2002,0.317,99.683,16.364544
Mozambique,2003,0.462,99.539,15.06873
Mozambique,2004,0.43,99.57,15.090998
Mozambique,2005,0.303,99.697,15.820753
Mozambique,2006,0.273,99.727,17.430353
Mozambique,2007,0.251,99.749,18.12117
Mozambique,2008,0.266,99.734,17.937508
Mozambique,2009,0.238,99.763,16.371893
Mozambique,2010,0.302,99.698,18.2023
Mozambique,2011,0.359,99.64200000000001,15.605176
Mozambique,2012,0.398,99.60199999999999,15.984033
Mozambique,2013,1.893,98.107,15.96278
Mozambique,2014,6.773,93.22699999999999,13.930884
Mozambique,2015,10.513,89.487,15.32406
Mozambique,2016,15.219,84.781,13.976649
Mozambique,2017,15.664,84.33500000000001,13.817
Mozambique,2018,17.479,82.521,15.866781
Mozambique,2019,19.508000000000003,80.49199999999999,16.135338
Mozambique,2020,18.046,81.95400000000001,13.037154
Mozambique,2021,18.593,81.40700000000001,13.309798
Myanmar,2000,57.026,42.974,41.28256
Myanmar,2001,54.44499999999999,45.556,41.75589
Myanmar,2002,51.0,49.0,42.924816
Myanmar,2003,53.16,46.84,41.610325
Myanmar,2004,51.763,48.238,44.13823
Myanmar,2005,45.705,54.296,43.1276
Myanmar,2006,41.443,58.557,37.954773
Myanmar,2007,38.548,61.452,35.23252
Myanmar,2008,34.06,65.941,36.65065
Myanmar,2009,21.586,78.414,38.13099
Myanmar,2010,28.61,71.39,36.431717
Myanmar,2011,20.932,79.067,34.089592
Myanmar,2012,25.586,74.414,34.26299
Myanmar,2013,26.129,73.86999999999999,36.13935
Myanmar,2014,35.693,64.307,36.441475
Myanmar,2015,38.931000000000004,61.069,34.643448
Myanmar,2016,42.906,57.093999999999994,35.53274
Myanmar,2017,44.89,55.109,33.520733
Myanmar,2018,43.68,56.32000000000001,36.19571
Myanmar,2019,53.855999999999995,46.144,36.712868
Myanmar,2020,51.995,48.005,36.88412
Myanmar,2021,58.184000000000005,41.815000000000005,36.861378
Namibia,2000,2.837,97.163,16.911818
Namibia,2001,0.0,100.0,17.46728
Namibia,2002,0.0,100.0,17.821133
Namibia,2003,0.662,99.338,16.215378
Namibia,2004,0.0,100.0,15.649906
Namibia,2005,2.3810000000000002,97.619,16.30042
Namibia,2006,5.356999999999999,94.643,16.689728
Namibia,2007,2.5,97.5,18.265408
Namibia,2008,10.302999999999999,89.697,18.65299
Namibia,2009,5.443,94.558,17.423794
Namibia,2010,3.846,96.15400000000001,21.195679
Namibia,2011,2.098,97.902,19.148695
Namibia,2012,1.84,98.159,17.755543
Namibia,2013,4.478,95.523,17.010204
Namibia,2014,1.316,98.685,14.613099
Namibia,2015,1.923,98.077,16.433687
Namibia,2016,4.082,95.919,15.175033
Namibia,2017,3.448,96.552,15.414597
Namibia,2018,1.418,98.58099999999999,16.537363
Namibia,2019,2.941,97.059,15.4572525
Namibia,2020,3.077,96.923,14.430044
Namibia,2021,4.459,95.542,14.451873
Nauru,2000,100.0,0.0,5.8803134
Nauru,2001,100.0,0.0,5.8425546
Nauru,2002,100.0,0.0,5.644751
Nauru,2003,100.0,0.0,5.5254555
Nauru,2004,100.0,0.0,5.1523175
Nauru,2005,100.0,0.0,5.5148954
Nauru,2006,100.0,0.0,5.170586
Nauru,2007,100.0,0.0,4.6598077
Nauru,2008,100.0,0.0,4.701859
Nauru,2009,100.0,0.0,5.412846
Nauru,2010,100.0,0.0,5.0642405
Nauru,2011,100.0,0.0,4.6745725
Nauru,2012,100.0,0.0,5.191743
Nauru,2013,100.0,0.0,5.7902365
Nauru,2014,100.0,0.0,5.8229103
Nauru,2015,100.0,0.0,6.8480587
Nauru,2016,100.0,0.0,4.692269
Nauru,2017,100.0,0.0,4.5819516
Nauru,2018,100.0,0.0,4.8478327
Nauru,2019,100.0,0.0,6.8204823
Nauru,2020,100.0,0.0,4.2855306
Nauru,2021,100.0,0.0,4.022052
Nepal,2000,3.55,96.45,42.24134
Nepal,2001,1.081,98.919,43.64163
Nepal,2002,0.943,99.057,43.93549
Nepal,2003,0.0,100.0,44.27558
Nepal,2004,0.418,99.582,42.864872
Nepal,2005,0.4,99.6,42.539043
Nepal,2006,0.368,99.632,48.798267
Nepal,2007,0.36,99.641,51.87263
Nepal,2008,0.357,99.643,54.48992
Nepal,2009,0.324,99.67699999999999,58.942497
Nepal,2010,0.0,100.0,50.377106
Nepal,2011,0.0,100.0,52.74886
Nepal,2012,0.567,99.433,54.51073
Nepal,2013,0.286,99.714,49.888542
Nepal,2014,0.0,100.0,50.691765
Nepal,2015,0.0,100.0,52.08935
Nepal,2016,0.0,100.0,51.90689
Nepal,2017,0.0,100.0,53.03426
Nepal,2018,0.0,99.999,59.530624
Nepal,2019,0.0,100.0,54.275875
Nepal,2020,0.0,100.0,51.133377
Nepal,2021,0.0,99.999,56.835228
Netherlands,1990,93.983,6.0169999999999995,21.658237
Netherlands,1991,94.263,5.738,21.643639
Netherlands,1992,93.771,6.23,21.369217
Netherlands,1993,93.436,6.564,21.094793
Netherlands,1994,93.434,6.566,20.820372
Netherlands,1995,93.28600000000002,6.712999999999999,21.065596
Netherlands,1996,92.98100000000001,7.019,20.271526
Netherlands,1997,94.877,5.123,19.997105
Netherlands,1998,93.255,6.745,19.722683
Netherlands,1999,92.672,7.327999999999999,19.44826
Netherlands,2000,92.28099999999999,7.719,18.914015
Netherlands,2001,92.19800000000001,7.802,17.125942
Netherlands,2002,91.761,8.241,17.760366
Netherlands,2003,91.739,8.259,19.39986
Netherlands,2004,90.97200000000001,9.029,17.44253
Netherlands,2005,88.503,11.497,17.102718
Netherlands,2006,88.32600000000001,11.673,15.594214
Netherlands,2007,88.77099999999999,11.229,15.267286
Netherlands,2008,87.243,12.756,15.746647
Netherlands,2009,86.721,13.279,16.109325
Netherlands,2010,87.27300000000001,12.728,16.02623
Netherlands,2011,85.536,14.463000000000001,15.875181
Netherlands,2012,84.108,15.893,13.057941
Netherlands,2013,85.231,14.767999999999999,13.620318
Netherlands,2014,84.751,15.248999999999999,13.308664
Netherlands,2015,83.667,16.332,12.056641
Netherlands,2016,83.536,16.462999999999997,11.720978
Netherlands,2017,81.987,18.012,11.512545
Netherlands,2018,80.278,19.723,12.166093
Netherlands,2019,77.896,22.105,10.544825
Netherlands,2020,69.998,30.002000000000002,8.959772
Netherlands,2021,63.572,36.427,10.03025
Netherlands,2022,56.705,43.297000000000004,9.715993
New Zealand,2000,27.984,72.016,8.285819
New Zealand,2001,35.229,64.772,8.16663
New Zealand,2002,28.863999999999997,71.135,8.099455
New Zealand,2003,31.933,68.06700000000001,7.8340487
New Zealand,2004,26.277,73.724,7.751361
New Zealand,2005,33.542,66.458,7.6912827
New Zealand,2006,33.254000000000005,66.746,7.1845107
New Zealand,2007,32.894,67.107,7.02749
New Zealand,2008,34.018,65.982,7.0047565
New Zealand,2009,27.247,72.753,6.8809123
New Zealand,2010,25.866,74.13300000000001,6.9633174
New Zealand,2011,23.282999999999998,76.717,7.1458097
New Zealand,2012,27.214,72.786,6.6166716
New Zealand,2013,24.899,75.101,6.6897078
New Zealand,2014,20.299999999999997,79.701,6.46804
New Zealand,2015,19.427,80.572,6.5830126
New Zealand,2016,15.676,84.323,6.600798
New Zealand,2017,18.424,81.575,6.645461
New Zealand,2018,16.417,83.58200000000001,6.6452436
New Zealand,2019,17.895,82.105,7.7237105
New Zealand,2020,19.495,80.50399999999999,7.0514283
New Zealand,2021,19.185000000000002,80.816,6.6452565
New Zealand,2022,14.444,85.55600000000001,6.9854226
Nicaragua,2000,79.343,20.657,26.126335
Nicaragua,2001,80.258,19.743,25.679688
Nicaragua,2002,74.444,25.555,25.679861
Nicaragua,2003,68.462,31.539,26.422457
Nicaragua,2004,62.082,37.918,23.343729
Nicaragua,2005,60.465,39.535,24.875872
Nicaragua,2006,62.903,37.097,23.19672
Nicaragua,2007,66.096,33.903999999999996,22.263472
Nicaragua,2008,60.87,39.131,21.79274
Nicaragua,2009,67.324,32.676,19.97916
Nicaragua,2010,61.823,38.176,21.483202
Nicaragua,2011,64.208,35.793000000000006,21.737606
Nicaragua,2012,57.069,42.93,19.831627
Nicaragua,2013,49.257,50.742999999999995,21.073929
Nicaragua,2014,47.586,52.414,19.096607
Nicaragua,2015,49.55,50.451,20.827295
Nicaragua,2016,46.756,53.244,19.933636
Nicaragua,2017,47.489,52.510999999999996,20.145214
Nicaragua,2018,45.254,54.747,21.16877
Nicaragua,2019,48.438,51.563,20.213118
Nicaragua,2020,45.249,54.751000000000005,21.685349
Nicaragua,2021,45.356,54.644,20.06561
Niger,2000,100.0,0.0,58.42119
Niger,2001,100.0,0.0,57.667397
Niger,2002,100.0,0.0,58.6975
Niger,2003,100.0,0.0,50.073112
Niger,2004,100.0,0.0,69.372795
Niger,2005,100.0,0.0,60.35235
Niger,2006,100.0,0.0,71.89106
Niger,2007,100.0,0.0,76.78659
Niger,2008,100.0,0.0,75.40615
Niger,2009,100.0,0.0,68.26804
Niger,2010,100.0,0.0,68.07173
Niger,2011,100.0,0.0,68.671265
Niger,2012,97.436,2.564,62.36984
Niger,2013,97.619,2.381,57.056065
Niger,2014,97.619,2.381,60.767918
Niger,2015,98.039,1.961,82.58554
Niger,2016,98.0,2.0,77.78709
Niger,2017,98.113,1.887,70.116844
Niger,2018,90.741,9.259,59.78077
Niger,2019,91.803,8.197,55.459354
Niger,2020,88.372,11.628,65.23288
Niger,2021,88.889,11.111,62.6986
Nigeria,2000,59.717,40.283,68.42306
Nigeria,2001,60.512,39.487,58.12139
Nigeria,2002,60.522999999999996,39.477000000000004,61.705284
Nigeria,2003,61.861000000000004,38.14,51.474728
Nigeria,2004,65.376,34.623999999999995,61.79357
Nigeria,2005,65.824,34.175999999999995,57.181446
Nigeria,2006,71.824,28.176000000000002,63.273216
Nigeria,2007,71.839,28.160999999999998,67.306145
Nigeria,2008,71.847,28.153000000000002,66.80272
Nigeria,2009,76.143,23.857,59.963737
Nigeria,2010,74.568,25.432,57.04536
Nigeria,2011,77.294,22.706,60.598186
Nigeria,2012,79.341,20.659000000000002,59.62272
Nigeria,2013,80.65599999999999,19.345000000000002,52.23907
Nigeria,2014,82.549,17.451,54.130585
Nigeria,2015,81.46799999999999,18.533,75.12907
Nigeria,2016,74.63300000000001,25.367,69.37225
Nigeria,2017,76.449,23.551,68.22463
Nigeria,2018,75.699,24.301,60.068275
Nigeria,2019,73.17500000000001,26.824,56.174236
Nigeria,2020,73.93199999999999,26.068,63.702526
Nigeria,2021,74.34899999999999,25.651999999999997,63.75055
Nigeria,2022,72.492,27.508,70.61691
North Korea,2000,46.133,53.867,25.782864
North Korea,2001,46.233,53.767,26.682938
North Korea,2002,45.031,54.969,25.71526
North Korea,2003,42.913,57.087,26.315393
North Korea,2004,41.851,58.149,25.972029
North Korea,2005,41.415,58.585,25.599821
North Korea,2006,42.495,57.505,27.64556
North Korea,2007,37.081,62.919,28.49322
North Korea,2008,38.144,61.856,27.695667
North Korea,2009,39.58,60.42,28.11827
North Korea,2010,36.93,63.07,22.07555
North Korea,2011,30.219,69.781,25.371464
North Korea,2012,28.747,71.253,25.160402
North Korea,2013,23.257,76.743,24.56569
North Korea,2014,26.358,73.642,31.424358
North Korea,2015,26.155,73.845,30.290867
North Korea,2016,23.43,76.57000000000001,26.625652
North Korea,2017,19.302,80.698,25.074043
North Korea,2018,16.248,83.75200000000001,21.22554
North Korea,2019,17.945,82.055,21.83925
North Korea,2020,15.156,84.84400000000001,22.422129
North Korea,2021,16.817,83.183,22.059395
North Macedonia,1990,91.47800000000001,8.522,35.68922
North Macedonia,1991,85.269,14.731,35.032986
North Macedonia,1992,85.996,14.003,34.621933
North Macedonia,1993,89.961,10.039,34.210884
North Macedonia,1994,88.383,11.616,33.79983
North Macedonia,1995,86.95,13.051,32.89842
North Macedonia,1996,87.199,12.801,32.977726
North Macedonia,1997,86.62700000000001,13.373,32.566673
North Macedonia,1998,84.681,15.319,32.15562
North Macedonia,1999,79.737,20.262,31.74457
North Macedonia,2000,82.81899999999999,17.181,31.578697
North Macedonia,2001,90.11,9.89,30.089636
North Macedonia,2002,87.52,12.479,32.600388
North Macedonia,2003,79.643,20.357,35.068043
North Macedonia,2004,77.777,22.222,31.093885
North Macedonia,2005,78.53,21.47,31.306742
North Macedonia,2006,76.462,23.538,30.326797
North Macedonia,2007,84.462,15.538,29.049501
North Macedonia,2008,86.68799999999999,13.312,28.571863
North Macedonia,2009,81.37899999999999,18.622,27.37435
North Macedonia,2010,66.52799999999999,33.471,26.919796
North Macedonia,2011,78.846,21.154,30.006367
North Macedonia,2012,83.387,16.613,28.782656
North Macedonia,2013,73.891,26.108,28.512213
North Macedonia,2014,76.02199999999999,23.977999999999998,25.746452
North Macedonia,2015,64.071,35.929,26.843094
North Macedonia,2016,63.232000000000006,36.766999999999996,24.840082
North Macedonia,2017,76.964,23.035000000000004,24.116707
North Macedonia,2018,65.062,34.937999999999995,25.452087
North Macedonia,2019,77.17200000000001,22.827999999999996,23.553091
North Macedonia,2020,72.28399999999999,27.715999999999998,22.50722
North Macedonia,2021,70.418,29.581999999999997,22.121777
North Macedonia,2022,72.819,27.180999999999997,22.50166
Norway,1990,0.091,99.91,12.459237
Norway,1991,0.108,99.89099999999999,12.347599
Norway,1992,0.094,99.906,12.2194
Norway,1993,0.109,99.89099999999999,12.091202
Norway,1994,0.249,99.751,11.963003
Norway,1995,0.24600000000000002,99.75399999999999,11.867926
Norway,1996,0.383,99.61800000000001,11.706606
Norway,1997,0.316,99.682,11.578407
Norway,1998,0.28300000000000003,99.717,11.450209
Norway,1999,0.327,99.67300000000002,11.32201
Norway,2000,0.22399999999999998,99.77600000000001,11.177251
Norway,2001,0.34700000000000003,99.653,9.705818
Norway,2002,0.323,99.677,10.013169
Norway,2003,0.525,99.47500000000001,10.8244505
Norway,2004,0.536,99.46300000000001,9.295812
Norway,2005,0.42300000000000004,99.57799999999999,9.147101
Norway,2006,0.5700000000000001,99.431,8.432516
Norway,2007,0.7350000000000001,99.265,7.844659
Norway,2008,0.47500000000000003,99.525,7.540827
Norway,2009,3.369,96.63199999999999,7.678895
Norway,2010,4.159,95.84,7.8188405
Norway,2011,3.416,96.584,8.331342
Norway,2012,2.012,97.987,6.946811
Norway,2013,2.138,97.862,7.0715547
Norway,2014,2.128,97.87100000000001,7.150947
Norway,2015,2.09,97.91,6.225601
Norway,2016,2.005,97.995,6.37541
Norway,2017,1.9739999999999998,98.025,5.879067
Norway,2018,2.027,97.973,6.695463
Norway,2019,2.062,97.938,6.1522584
Norway,2020,1.4249999999999998,98.575,5.351358
Norway,2021,0.686,99.31299999999999,6.3253517
Norway,2022,1.028,98.971,6.020289
Oman,2000,100.0,0.0,46.09199
Oman,2001,100.0,0.0,44.412502
Oman,2002,100.0,0.0,41.72487
Oman,2003,100.0,0.0,46.12563
Oman,2004,100.0,0.0,47.891346
Oman,2005,100.0,0.0,46.122242
Oman,2006,100.0,0.0,43.72129
Oman,2007,100.0,0.0,45.05875
Oman,2008,100.0,0.0,46.806522
Oman,2009,100.0,0.0,46.43814
Oman,2010,100.0,0.0,45.06541
Oman,2011,100.0,0.0,48.191704
Oman,2012,100.0,0.0,54.118256
Oman,2013,100.0,0.0,47.68791
Oman,2014,100.0,0.0,41.579338
Oman,2015,100.0,0.0,46.89663
Oman,2016,100.0,0.0,45.257168
Oman,2017,99.941,0.059,45.959206
Oman,2018,99.944,0.056,50.482983
Oman,2019,99.945,0.055,45.63143
Oman,2020,99.621,0.379,42.039215
Oman,2021,99.562,0.438,45.75667
Oman,2022,99.569,0.431,52.137726
Pakistan,2000,71.341,28.659,57.250404
Pakistan,2001,68.744,31.256,56.554333
Pakistan,2002,65.833,34.166,57.828003
Pakistan,2003,62.184,37.815999999999995,58.037544
Pakistan,2004,65.16,34.841,56.743664
Pakistan,2005,62.144,37.856,56.83966
Pakistan,2006,62.666,37.333999999999996,54.00211
Pakistan,2007,64.926,35.074,52.82433
Pakistan,2008,65.337,34.663000000000004,52.663258
Pakistan,2009,65.644,34.355999999999995,50.923435
Pakistan,2010,62.782,37.218999999999994,57.093224
Pakistan,2011,64.98,35.02,55.173386
Pakistan,2012,63.334,36.667,55.910233
Pakistan,2013,64.10900000000001,35.89,54.257927
Pakistan,2014,63.611000000000004,36.39,54.726513
Pakistan,2015,63.364,36.635999999999996,57.70034
Pakistan,2016,66.777,33.223,56.6205
Pakistan,2017,69.22,30.779999999999998,56.678196
Pakistan,2018,62.867,37.134,61.497993
Pakistan,2019,63.545,36.455,53.462444
Pakistan,2020,61.769,38.231,54.839794
Pakistan,2021,59.792,40.208000000000006,58.59015
Pakistan,2022,56.575,43.425,57.861767
Palestine,2001,100.0,0.0,23.853529
Palestine,2002,100.0,0.0,24.512365
Palestine,2003,100.0,0.0,27.01317
Palestine,2004,100.0,0.0,26.523273
Palestine,2005,100.0,0.0,23.933916
Palestine,2006,100.0,0.0,21.802288
Palestine,2007,100.0,0.0,20.839813
Palestine,2008,100.0,0.0,21.252895
Palestine,2009,100.0,0.0,21.745586
Palestine,2010,100.0,0.0,25.106792
Palestine,2011,100.0,0.0,20.404558
Palestine,2012,100.0,0.0,21.488897
Palestine,2013,100.0,0.0,21.822218
Palestine,2014,100.0,0.0,20.446972
Palestine,2015,97.916,2.083,23.40353
Palestine,2016,92.15700000000001,7.843,20.152279
Palestine,2017,90.38499999999999,9.615,20.629831
Palestine,2018,85.0,15.0,22.535969
Palestine,2019,84.416,15.584,23.041397
Palestine,2020,77.5,22.5,22.14263
Palestine,2021,76.745,23.256,21.870626
Panama,2000,28.571,71.428,19.384043
Panama,2001,49.19,50.81,17.946445
Panama,2002,33.981,66.02,17.82963
Panama,2003,47.31,52.69,19.299448
Panama,2004,32.679,67.322,17.33919
Panama,2005,34.392,65.60799999999999,17.628672
Panama,2006,38.908,61.092999999999996,15.964512
Panama,2007,41.93,58.07,14.964526
Panama,2008,36.058,63.943000000000005,15.213541
Panama,2009,41.84,58.160000000000004,15.53081
Panama,2010,41.259,58.741,15.580124
Panama,2011,45.238,54.762,15.171629
Panama,2012,35.168,64.833,16.034132
Panama,2013,40.022999999999996,59.977,15.368644
Panama,2014,37.844,62.156,15.961999
Panama,2015,28.448999999999998,71.551,16.978306
Panama,2016,27.599999999999998,72.39999999999999,15.594616
Panama,2017,25.682,74.319,14.762734
Panama,2018,17.856,82.143,14.842645
Panama,2019,39.942,60.058,15.349864
Panama,2020,24.435000000000002,75.565,15.190741
Panama,2021,25.469,74.53,14.754566
Papua New Guinea,2000,54.028,45.971999999999994,15.394494
Papua New Guinea,2001,61.39,38.61,14.182231
Papua New Guinea,2002,63.768,36.232,13.467503
Papua New Guinea,2003,65.484,34.516,14.001109
Papua New Guinea,2004,67.296,32.704,13.570203
Papua New Guinea,2005,61.562,38.438,13.463469
Papua New Guinea,2006,61.538,38.462,14.714095
Papua New Guinea,2007,59.88,40.120000000000005,15.832225
Papua New Guinea,2008,59.146,40.854,15.891905
Papua New Guinea,2009,60.597,39.403,15.387815
Papua New Guinea,2010,61.062,38.938,16.498568
Papua New Guinea,2011,59.773,40.226,14.3977585
Papua New Guinea,2012,60.388,39.612,13.456694
Papua New Guinea,2013,61.518,38.481,15.425647
Papua New Guinea,2014,62.935,37.064,14.893073
Papua New Guinea,2015,64.337,35.662,14.743612
Papua New Guinea,2016,65.34,34.66,13.484891
Papua New Guinea,2017,70.188,29.813000000000002,14.631252
Papua New Guinea,2018,71.136,28.863,14.1854105
Papua New Guinea,2019,71.171,28.829,13.972114
Papua New Guinea,2020,72.414,27.586,13.269782
Papua New Guinea,2021,73.457,26.543,14.648053
Paraguay,2000,0.019,99.981,24.899057
Paraguay,2001,0.022,99.978,24.259325
Paraguay,2002,0.021,99.979,23.761179
Paraguay,2003,0.039,99.961,26.536348
Paraguay,2004,0.0,100.0,24.532991
Paraguay,2005,0.0,100.0,23.522715
Paraguay,2006,0.0,100.0,20.889267
Paraguay,2007,0.0,100.0,17.902357
Paraguay,2008,0.0,100.0,17.483944
Paraguay,2009,0.0,100.0,14.856212
Paraguay,2010,0.0,100.0,16.609884
Paraguay,2011,0.0,100.0,14.3574915
Paraguay,2012,0.0,100.0,14.101014
Paraguay,2013,0.067,99.933,12.222062
Paraguay,2014,0.073,99.927,14.101341
Paraguay,2015,0.072,99.928,15.0240135
Paraguay,2016,0.0,100.0,14.094045
Paraguay,2017,0.0,100.0,14.305665
Paraguay,2018,0.0,100.0,13.034425
Paraguay,2019,0.143,99.857,16.398596
Paraguay,2020,0.151,99.849,19.646688
Paraguay,2021,0.175,99.825,15.773246
Peru,2000,17.758,82.241,59.81434
Peru,2001,14.398,85.602,63.736565
Peru,2002,16.952,83.047,60.98841
Peru,2003,18.006999999999998,81.992,59.61433
Peru,2004,26.666999999999998,73.333,58.261276
Peru,2005,28.769000000000002,71.231,58.087902
Peru,2006,26.561999999999998,73.438,38.3799
Peru,2007,33.219,66.78099999999999,28.058975
Peru,2008,40.225,59.775,27.65465
Peru,2009,37.796,62.204,28.791645
Peru,2010,41.278,58.721999999999994,31.37301
Peru,2011,41.733000000000004,58.267,29.706354
Peru,2012,43.531,56.47,28.70819
Peru,2013,45.138999999999996,54.861,29.749727
Peru,2014,46.951,53.048,27.105791
Peru,2015,46.248999999999995,53.751000000000005,29.274483
Peru,2016,47.943,52.056,30.56137
Peru,2017,41.212,58.788,31.262516
Peru,2018,39.137,60.863,31.115187
Peru,2019,39.173,60.828,30.672466
Peru,2020,36.160000000000004,63.84,29.856745
Peru,2021,39.44,60.56,28.94663
Peru,2022,44.915,55.085,32.478764
Philippines,2000,55.635000000000005,44.364999999999995,34.71095
Philippines,2001,61.3,38.699,30.602646
Philippines,2002,62.976,37.025,31.476933
Philippines,2003,65.187,34.814,32.07034
Philippines,2004,64.92099999999999,35.079,34.189636
Philippines,2005,66.322,33.67700000000001,33.04195
Philippines,2006,62.594,37.407,26.580719
Philippines,2007,67.07,32.931,23.62602
Philippines,2008,64.741,35.260000000000005,24.338678
Philippines,2009,65.869,34.131,25.974417
Philippines,2010,71.947,28.052999999999997,22.591133
Philippines,2011,70.939,29.061,24.682213
Philippines,2012,71.10300000000001,28.897,22.565495
Philippines,2013,73.179,26.82,22.568546
Philippines,2014,73.877,26.123,22.694815
Philippines,2015,73.801,26.198,22.581104
Philippines,2016,75.359,24.642000000000003,21.8003
Philippines,2017,75.25999999999999,24.740000000000002,22.837234
Philippines,2018,76.217,23.783,22.139288
Philippines,2019,78.525,21.474,23.187143
Philippines,2020,77.352,22.647,21.767494
Philippines,2021,77.867,22.131999999999998,22.741673
Philippines,2022,77.417,22.583,24.241932
Poland,1990,98.892,1.1079999999999999,32.33524
Poland,1991,98.87,1.1300000000000001,31.980883
Poland,1992,98.761,1.239,31.335833
Poland,1993,98.824,1.177,30.690783
Poland,1994,98.66499999999999,1.336,30.045732
Poland,1995,98.57000000000001,1.43,29.982069
Poland,1996,98.542,1.459,28.75563
Poland,1997,98.489,1.512,28.11058
Poland,1998,98.202,1.797,27.46553
Poland,1999,98.329,1.6720000000000002,26.82048
Poland,2000,98.37400000000001,1.628,25.884737
Poland,2001,98.066,1.934,25.758871
Poland,2002,98.056,1.9440000000000002,29.93087
Poland,2003,98.5,1.5,30.578648
Poland,2004,97.89899999999999,2.1020000000000003,26.571028
Poland,2005,97.517,2.483,27.787014
Poland,2006,97.326,2.673,26.076147
Poland,2007,96.574,3.426,24.341787
Poland,2008,95.725,4.274,23.02974
Poland,2009,94.249,5.752000000000001,24.39664
Poland,2010,93.07,6.93,28.045431
Poland,2011,91.945,8.054,25.839378
Poland,2012,89.556,10.444,23.675373
Poland,2013,89.59200000000001,10.409,22.8772
Poland,2014,87.467,12.532,23.608618
Poland,2015,86.185,13.815,21.604753
Poland,2016,86.26599999999999,13.733,20.936485
Poland,2017,85.8,14.2,21.525208
Poland,2018,87.244,12.755999999999998,22.032772
Poland,2019,84.385,15.616000000000001,18.131535
Poland,2020,82.036,17.965,16.440989
Poland,2021,82.905,17.095,18.606886
Poland,2022,78.958,21.043,15.890212
Portugal,1990,65.302,34.699,13.249025
Portugal,1991,66.89099999999999,33.109,13.2660885
Portugal,1992,81.459,18.541,13.327515
Portugal,1993,69.571,30.429,13.388942
Portugal,1994,62.879000000000005,37.121,13.450368
Portugal,1995,71.704,28.294999999999998,13.423069
Portugal,1996,54.141000000000005,45.858000000000004,13.573221
Portugal,1997,58.319,41.681,13.634648
Portugal,1998,63.634,36.366,13.6960745
Portugal,1999,79.911,20.089000000000002,13.757502
Portugal,2000,70.332,29.668,13.863292
Portugal,2001,65.908,34.092,13.305659
Portugal,2002,78.686,21.315,13.277451
Portugal,2003,61.952,38.048,14.142065
Portugal,2004,72.535,27.465,12.558611
Portugal,2005,82.136,17.866,12.902024
Portugal,2006,67.63499999999999,32.366,12.6035385
Portugal,2007,65.429,34.57,11.484103
Portugal,2008,67.81,32.19,10.353033
Portugal,2009,63.035,36.964000000000006,9.556182
Portugal,2010,47.197,52.803,9.536715
Portugal,2011,53.528000000000006,46.473,10.262118
Portugal,2012,57.494,42.507,8.728687
Portugal,2013,41.678,58.322,9.105641
Portugal,2014,39.242000000000004,60.757000000000005,8.151213
Portugal,2015,52.467,47.532999999999994,10.058206
Portugal,2016,45.375,54.623999999999995,8.910772
Portugal,2017,60.867,39.134,9.842701
Portugal,2018,49.650000000000006,50.351,9.686469
Portugal,2019,47.013999999999996,52.987,8.2826185
Portugal,2020,41.579,58.42,8.747782
Portugal,2021,36.184999999999995,63.815,8.9074335
Portugal,2022,40.184000000000005,59.817,9.243896
Puerto Rico,2000,99.312,0.688,8.003842
Puerto Rico,2001,99.417,0.583,7.8165812
Puerto Rico,2002,99.525,0.475,7.673767
Puerto Rico,2003,99.582,0.418,7.1664934
Puerto Rico,2004,99.42,0.58,6.42255
Puerto Rico,2005,99.439,0.561,6.9291735
Puerto Rico,2006,99.413,0.587,7.3493233
Puerto Rico,2007,99.283,0.717,7.1296015
Puerto Rico,2008,99.235,0.765,6.8859377
Puerto Rico,2009,99.179,0.821,6.8832865
Puerto Rico,2010,99.234,0.766,7.759384
Puerto Rico,2011,99.251,0.749,6.175891
Puerto Rico,2012,99.434,0.5660000000000001,7.2807817
Puerto Rico,2013,98.585,1.415,6.536659
Puerto Rico,2014,98.286,1.714,6.5750084
Puerto Rico,2015,98.138,1.862,6.689965
Puerto Rico,2016,98.139,1.8610000000000002,7.0429378
Puerto Rico,2017,97.783,2.218,8.189288
Puerto Rico,2018,98.587,1.4119999999999997,8.204243
Puerto Rico,2019,97.335,2.665,7.8186536
Puerto Rico,2020,97.258,2.7429999999999994,8.159212
Puerto Rico,2021,97.259,2.741,8.380415
Qatar,2000,100.0,0.0,109.39743
Qatar,2001,100.0,0.0,104.61184
Qatar,2002,100.0,0.0,94.05911
Qatar,2003,100.0,0.0,124.65745
Qatar,2004,100.0,0.0,117.67516
Qatar,2005,100.0,0.0,120.05491
Qatar,2006,100.0,0.0,97.02592
Qatar,2007,100.0,0.0,90.606125
Qatar,2008,100.0,0.0,96.89044
Qatar,2009,100.0,0.0,105.25002
Qatar,2010,100.0,0.0,98.63774
Qatar,2011,99.965,0.035,98.06074
Qatar,2012,99.969,0.031,107.01966
Qatar,2013,99.969,0.031,97.36037
Qatar,2014,99.945,0.054,90.70229
Qatar,2015,99.923,0.077,109.454605
Qatar,2016,99.925,0.07500000000000001,106.1166
Qatar,2017,99.93,0.07,107.66486
Qatar,2018,99.956,0.044,107.786964
Qatar,2019,99.936,0.064,99.858536
Qatar,2020,99.955,0.044,99.19914
Qatar,2021,99.937,0.063,107.88988
Qatar,2022,99.935,0.066,111.914955
Romania,1990,82.255,17.745,27.543175
Romania,1991,74.313,25.687,27.129906
Romania,1992,78.338,21.663,26.752893
Romania,1993,76.932,23.067,26.375883
Romania,1994,76.28999999999999,23.71,25.99887
Romania,1995,71.736,28.264,25.549343
Romania,1996,71.89899999999999,28.101,25.244848
Romania,1997,59.591,40.409,24.867838
Romania,1998,54.331,45.669,24.490826
Romania,1999,53.458,46.542,24.113813
Romania,2000,60.744,39.256,23.773062
Romania,2001,61.961,38.039,23.773787
Romania,2002,60.382000000000005,39.617999999999995,26.968843
Romania,2003,66.867,33.132,27.73445
Romania,2004,60.949,39.051,24.47958
Romania,2005,56.62299999999999,43.377,24.907911
Romania,2006,61.739000000000004,38.260999999999996,22.690388
Romania,2007,61.544000000000004,38.456999999999994,21.477888
Romania,2008,56.197,43.803,20.43404
Romania,2009,52.711,47.288000000000004,19.773132
Romania,2010,47.335,52.664,18.844992
Romania,2011,54.726000000000006,45.275,22.318523
Romania,2012,55.087,44.912,21.35233
Romania,2013,45.74,54.261,18.163147
Romania,2014,40.481,59.519,18.265509
Romania,2015,42.613,57.389,18.098938
Romania,2016,40.76499999999999,59.236,18.107042
Romania,2017,44.018,55.981,20.274305
Romania,2018,41.697,58.303000000000004,18.753885
Romania,2019,39.321000000000005,60.679,16.416677
Romania,2020,35.129999999999995,64.869,16.042036
Romania,2021,36.378,63.623,16.100374
Romania,2022,37.815,62.185,16.410091
Russia,1990,73.643,26.357,27.99613
Russia,1991,73.024,26.976,27.223804
Russia,1992,70.83600000000001,28.982999999999997,26.682524
Russia,1993,69.043,30.686,26.141243
Russia,1994,68.442,31.26,25.599962
Russia,1995,67.63,32.074,24.59659
Russia,1996,68.61,31.09,24.517403
Russia,1997,67.81700000000001,31.888,23.976122
Russia,1998,67.99499999999999,31.708000000000002,23.434841
Russia,1999,66.279,33.375,22.893562
Russia,2000,65.60499999999999,34.394999999999996,22.583328
Russia,2001,64.48700000000001,35.514,20.871191
Russia,2002,64.966,35.033,22.09344
Russia,2003,65.744,34.255,19.875183
Russia,2004,64.55499999999999,35.44500000000001,18.073029
Russia,2005,65.495,34.505,16.618517
Russia,2006,66.157,33.842999999999996,15.710284
Russia,2007,66.07499999999999,33.925,15.423622
Russia,2008,67.739,32.260000000000005,15.226254
Russia,2009,65.128,34.871,15.725079
Russia,2010,66.756,33.244,18.640947
Russia,2011,67.08999999999999,32.909,13.570669
Russia,2012,67.17,32.831,14.831827
Russia,2013,65.80799999999999,34.192,14.154364
Russia,2014,65.733,34.267,14.654501
Russia,2015,65.165,34.835,13.058526
Russia,2016,64.207,35.793000000000006,13.575886
Russia,2017,63.673,36.32600000000001,13.741507
Russia,2018,64.227,35.774,12.6740675
Russia,2019,63.069,36.931000000000004,12.556959
Russia,2020,58.60999999999999,41.39,12.444539
Russia,2021,60.007000000000005,39.992000000000004,12.927883
Russia,2022,61.32999999999999,38.67,11.796777
Rwanda,2000,0.0,100.0,38.05342
Rwanda,2001,0.0,100.0,38.490147
Rwanda,2002,0.0,100.0,36.053783
Rwanda,2003,0.0,100.0,36.903866
Rwanda,2004,11.111,88.889,38.921204
Rwanda,2005,40.0,60.0,37.541687
Rwanda,2006,75.0,25.0,37.784447
Rwanda,2007,73.333,26.667,38.747715
Rwanda,2008,61.111,38.889,39.841373
Rwanda,2009,58.333,41.667,36.26512
Rwanda,2010,59.259,40.741,39.95247
Rwanda,2011,58.065,41.935,40.297947
Rwanda,2012,58.824,41.176,40.251423
Rwanda,2013,60.526,39.474,40.608086
Rwanda,2014,55.319,44.681,36.511375
Rwanda,2015,48.276,51.724000000000004,39.127373
Rwanda,2016,53.731,46.269,38.914642
Rwanda,2017,52.632,47.367999999999995,32.906525
Rwanda,2018,56.977,43.023999999999994,32.151352
Rwanda,2019,53.922,46.077999999999996,40.17805
Rwanda,2020,35.165,64.835,38.405605
Rwanda,2021,40.0,60.0,37.096565
Saint Kitts and Nevis,2000,100.0,0.0,10.758703
Saint Kitts and Nevis,2001,100.0,0.0,10.7389345
Saint Kitts and Nevis,2002,100.0,0.0,10.252667
Saint Kitts and Nevis,2003,100.0,0.0,9.510958
Saint Kitts and Nevis,2004,100.0,0.0,8.561742
Saint Kitts and Nevis,2005,100.0,0.0,9.250125
Saint Kitts and Nevis,2006,100.0,0.0,9.516724
Saint Kitts and Nevis,2007,100.0,0.0,9.246974
Saint Kitts and Nevis,2008,100.0,0.0,9.6124735
Saint Kitts and Nevis,2009,100.0,0.0,10.173593
Saint Kitts and Nevis,2010,100.0,0.0,10.263608
Saint Kitts and Nevis,2011,100.0,0.0,8.554056
Saint Kitts and Nevis,2012,95.0,5.0,10.125349
Saint Kitts and Nevis,2013,95.238,4.762,8.071552
Saint Kitts and Nevis,2014,95.238,4.762,8.1447315
Saint Kitts and Nevis,2015,95.0,5.0,10.220606
Saint Kitts and Nevis,2016,95.238,4.762,9.05456
Saint Kitts and Nevis,2017,100.0,0.0,9.897574
Saint Kitts and Nevis,2018,95.455,4.545,9.185857
Saint Kitts and Nevis,2019,95.455,4.545,9.102097
Saint Kitts and Nevis,2020,95.238,4.762,8.9471035
Saint Kitts and Nevis,2021,95.455,4.545,9.737712
Saint Lucia,2000,100.0,0.0,11.907096
Saint Lucia,2001,100.0,0.0,11.637592
Saint Lucia,2002,100.0,0.0,12.144083
Saint Lucia,2003,100.0,0.0,11.147137
Saint Lucia,2004,100.0,0.0,10.577168
Saint Lucia,2005,100.0,0.0,11.084163
Saint Lucia,2006,100.0,0.0,11.073288
Saint Lucia,2007,100.0,0.0,10.694879
Saint Lucia,2008,100.0,0.0,11.226268
Saint Lucia,2009,100.0,0.0,12.139741
Saint Lucia,2010,100.0,0.0,12.810137
Saint Lucia,2011,100.0,0.0,10.640115
Saint Lucia,2012,100.0,0.0,12.05796
Saint Lucia,2013,100.0,0.0,9.489364
Saint Lucia,2014,100.0,0.0,8.665764
Saint Lucia,2015,100.0,0.0,11.583128
Saint Lucia,2016,100.0,0.0,11.139988
Saint Lucia,2017,100.0,0.0,11.377341
Saint Lucia,2018,100.0,0.0,10.121864
Saint Lucia,2019,100.0,0.0,10.043365
Saint Lucia,2020,100.0,0.0,10.83266
Saint Lucia,2021,100.0,0.0,11.823379
Saint Vincent and the Grenadines,2000,66.667,33.333,12.361896
Saint Vincent and the Grenadines,2001,80.0,20.0,12.033719
Saint Vincent and the Grenadines,2002,80.0,20.0,12.538809
Saint Vincent and the Grenadines,2003,80.0,20.0,11.592124
Saint Vincent and the Grenadines,2004,75.0,25.0,10.943474
Saint Vincent and the Grenadines,2005,76.923,23.077,11.602717
Saint Vincent and the Grenadines,2006,83.333,16.667,11.327566
Saint Vincent and the Grenadines,2007,84.615,15.385,10.675892
Saint Vincent and the Grenadines,2008,84.615,15.385,11.262597
Saint Vincent and the Grenadines,2009,84.615,15.385,12.203448
Saint Vincent and the Grenadines,2010,78.571,21.429,12.991811
Saint Vincent and the Grenadines,2011,78.571,21.429,10.321149
Saint Vincent and the Grenadines,2012,78.571,21.429,12.489602
Saint Vincent and the Grenadines,2013,84.615,15.385,9.536446
Saint Vincent and the Grenadines,2014,92.308,7.692,8.941059
Saint Vincent and the Grenadines,2015,85.714,14.286,12.534907
Saint Vincent and the Grenadines,2016,86.667,13.333,11.399368
Saint Vincent and the Grenadines,2017,85.714,14.286,11.940423
Saint Vincent and the Grenadines,2018,85.714,14.286,10.348398
Saint Vincent and the Grenadines,2019,85.714,14.286,10.096952
Saint Vincent and the Grenadines,2020,73.333,26.667,10.518443
Saint Vincent and the Grenadines,2021,75.0,25.0,11.826694
Samoa,2000,50.0,50.0,4.9689612
Samoa,2001,45.455,54.546,5.277259
Samoa,2002,41.667,58.333,4.895436
Samoa,2003,45.455,54.546,5.073438
Samoa,2004,45.455,54.546,4.7664824
Samoa,2005,45.455,54.546,4.956098
Samoa,2006,54.545,45.455,5.2610583
Samoa,2007,54.545,45.455,5.187637
Samoa,2008,54.545,45.455,4.9611545
Samoa,2009,54.545,45.455,4.695875
Samoa,2010,54.545,45.455,4.594942
Samoa,2011,58.333,41.667,4.02126
Samoa,2012,63.636,36.364,4.5625315
Samoa,2013,72.727,27.273,4.580092
Samoa,2014,75.0,25.0,4.6573668
Samoa,2015,69.231,30.769000000000002,5.2251906
Samoa,2016,64.286,35.714999999999996,4.631479
Samoa,2017,64.286,35.714999999999996,4.879139
Samoa,2018,60.0,40.0,4.596348
Samoa,2019,60.0,40.0,4.462257
Samoa,2020,62.5,37.5,4.4936576
Samoa,2021,64.706,35.294,3.6826868
Sao Tome and Principe,2000,66.667,33.333,16.030184
Sao Tome and Principe,2001,100.0,0.0,14.998048
Sao Tome and Principe,2002,66.667,33.333,15.99523
Sao Tome and Principe,2003,66.667,33.333,14.803918
Sao Tome and Principe,2004,75.0,25.0,15.628569
Sao Tome and Principe,2005,100.0,0.0,16.50176
Sao Tome and Principe,2006,75.0,25.0,14.17393
Sao Tome and Principe,2007,75.0,25.0,13.627869
Sao Tome and Principe,2008,80.0,20.0,14.106006
Sao Tome and Principe,2009,80.0,20.0,12.882219
Sao Tome and Principe,2010,100.0,0.0,13.905802
Sao Tome and Principe,2011,83.333,16.667,15.321234
Sao Tome and Principe,2012,83.333,16.667,16.67217
Sao Tome and Principe,2013,85.714,14.286,16.29364
Sao Tome and Principe,2014,87.5,12.5,12.3095045
Sao Tome and Principe,2015,87.5,12.5,18.72352
Sao Tome and Principe,2016,88.889,11.111,16.745274
Sao Tome and Principe,2017,88.889,11.111,13.558908
Sao Tome and Principe,2018,88.889,11.111,12.884882
Sao Tome and Principe,2019,88.889,11.111,13.800883
Sao Tome and Principe,2020,90.0,10.0,15.85806
Sao Tome and Principe,2021,90.0,10.0,14.815673
Saudi Arabia,1990,100.0,0.0,52.56069
Saudi Arabia,1991,100.0,0.0,52.0563
Saudi Arabia,1992,100.0,0.0,53.060093
Saudi Arabia,1993,100.0,0.0,54.06388
Saudi Arabia,1994,100.0,0.0,55.067673
Saudi Arabia,1995,100.0,0.0,53.055103
Saudi Arabia,1996,100.0,0.0,57.075253
Saudi Arabia,1997,100.0,0.0,58.07904
Saudi Arabia,1998,100.0,0.0,59.082832
Saudi Arabia,1999,100.0,0.0,60.08662
Saudi Arabia,2000,100.0,0.0,62.59859
Saudi Arabia,2001,100.0,0.0,59.750862
Saudi Arabia,2002,100.0,0.0,59.16414
Saudi Arabia,2003,100.0,0.0,71.58488
Saudi Arabia,2004,100.0,0.0,68.29324
Saudi Arabia,2005,100.0,0.0,67.482185
Saudi Arabia,2006,100.0,0.0,67.79076
Saudi Arabia,2007,100.0,0.0,67.81527
Saudi Arabia,2008,100.0,0.0,69.93605
Saudi Arabia,2009,100.0,0.0,71.527374
Saudi Arabia,2010,100.0,0.0,71.119484
Saudi Arabia,2011,99.99600000000001,0.004,73.86285
Saudi Arabia,2012,99.989,0.011,74.69271
Saudi Arabia,2013,99.986,0.014,73.019905
Saudi Arabia,2014,99.984,0.016,63.41353
Saudi Arabia,2015,99.98599999999999,0.015,76.81265
Saudi Arabia,2016,99.985,0.015,70.77274
Saudi Arabia,2017,99.98,0.02,73.98939
Saudi Arabia,2018,99.952,0.048,72.686874
Saudi Arabia,2019,99.937,0.063,71.11801
Saudi Arabia,2020,99.938,0.062,68.395966
Saudi Arabia,2021,99.767,0.233,73.67313
Saudi Arabia,2022,99.792,0.208,77.79375
Senegal,2000,96.528,3.472,47.287125
Senegal,2001,97.024,2.976,37.3863
Senegal,2002,86.592,13.408000000000001,43.674232
Senegal,2003,80.0,20.0,41.510822
Senegal,2004,82.915,17.086,44.611416
Senegal,2005,85.841,14.158999999999999,39.905895
Senegal,2006,87.281,12.719999999999999,40.186516
Senegal,2007,90.244,9.756,41.884773
Senegal,2008,89.189,10.811,42.074192
Senegal,2009,89.057,10.944,37.547096
Senegal,2010,85.816,14.184000000000001,40.602043
Senegal,2011,86.364,13.636,40.700073
Senegal,2012,85.759,14.24,47.69522
Senegal,2013,85.758,14.242,36.132618
Senegal,2014,86.539,13.460999999999999,38.81374
Senegal,2015,86.375,13.623999999999999,47.635468
Senegal,2016,88.249,11.751,41.938736
Senegal,2017,87.053,12.947000000000001,45.113068
Senegal,2018,85.011,14.989,41.013252
Senegal,2019,86.074,13.926,39.843376
Senegal,2020,80.87899999999999,19.121,40.655228
Senegal,2021,80.071,19.927999999999997,42.371883
Serbia,1990,80.78,19.22,29.674492
Serbia,1991,74.595,25.405,29.28616
Serbia,1992,73.273,26.727,28.97342
Serbia,1993,73.09700000000001,26.903,28.66068
Serbia,1994,71.05799999999999,28.942,28.34794
Serbia,1995,69.23599999999999,30.764,27.884016
Serbia,1996,64.46900000000001,35.531,27.722462
Serbia,1997,70.16199999999999,29.838,27.409721
Serbia,1998,70.707,29.293,27.096983
Serbia,1999,63.867000000000004,36.134,26.784243
Serbia,2000,69.265,30.736,26.547096
Serbia,2001,69.634,30.365,26.724854
Serbia,2002,70.126,29.874,28.915518
Serbia,2003,74.48899999999999,25.511,31.21679
Serbia,2004,71.44300000000001,28.556,27.351812
Serbia,2005,68.18099999999998,31.818,28.166414
Serbia,2006,71.14599999999999,28.854,25.751326
Serbia,2007,73.7,26.3,24.646498
Serbia,2008,74.037,25.964,24.452097
Serbia,2009,72.04999999999998,27.95,25.266096
Serbia,2010,68.226,31.774,22.501186
Serbia,2011,77.196,22.804,28.101057
Serbia,2012,74.30199999999999,25.698,25.449213
Serbia,2013,73.949,26.052,24.28455
Serbia,2014,67.016,32.98500000000001,21.655807
Serbia,2015,73.104,26.896,23.353865
Serbia,2016,71.873,28.128,22.99774
Serbia,2017,74.506,25.494,22.731985
Serbia,2018,70.275,29.724999999999998,23.03768
Serbia,2019,71.487,28.514,20.303677
Serbia,2020,72.57600000000001,27.424,20.14271
Serbia,2021,66.374,33.626999999999995,19.09429
Serbia,2022,70.508,29.491999999999997,19.548746
Seychelles,2000,100.0,0.0,10.813503
Seychelles,2001,100.0,0.0,10.290854
Seychelles,2002,100.0,0.0,10.364815
Seychelles,2003,100.0,0.0,10.971404
Seychelles,2004,100.0,0.0,10.915983
Seychelles,2005,100.0,0.0,10.353463
Seychelles,2006,100.0,0.0,10.391654
Seychelles,2007,100.0,0.0,10.053209
Seychelles,2008,100.0,0.0,10.203099
Seychelles,2009,100.0,0.0,10.4918785
Seychelles,2010,100.0,0.0,9.465097
Seychelles,2011,100.0,0.0,9.409256
Seychelles,2012,100.0,0.0,9.70826
Seychelles,2013,97.561,2.439,10.099874
Seychelles,2014,97.619,2.381,8.8306875
Seychelles,2015,97.727,2.273,8.209907
Seychelles,2016,97.872,2.128,10.24886
Seychelles,2017,97.917,2.083,10.249881
Seychelles,2018,97.959,2.041,10.1137905
Seychelles,2019,92.453,7.547,10.161084
Seychelles,2020,88.333,11.667,8.574638
Seychelles,2021,87.692,12.307,8.804339
Sierra Leone,2000,87.5,12.5,23.499317
Sierra Leone,2001,92.308,7.692,20.834335
Sierra Leone,2002,86.667,13.333,21.889154
Sierra Leone,2003,85.714,14.286,19.760874
Sierra Leone,2004,83.333,16.667,26.702389
Sierra Leone,2005,75.0,25.0,24.020084
Sierra Leone,2006,100.0,0.0,22.62827
Sierra Leone,2007,66.667,33.333,22.983051
Sierra Leone,2008,66.667,33.333,24.555967
Sierra Leone,2009,66.667,33.333,24.09482
Sierra Leone,2010,25.0,75.0,21.781576
Sierra Leone,2011,11.765,88.235,24.850058
Sierra Leone,2012,33.333,66.667,21.860603
Sierra Leone,2013,33.333,66.667,20.663504
Sierra Leone,2014,21.053,78.947,20.351322
Sierra Leone,2015,26.316,73.684,26.65215
Sierra Leone,2016,27.273,72.727,24.654497
Sierra Leone,2017,26.087,73.913,23.238516
Sierra Leone,2018,23.077,76.923,24.090384
Sierra Leone,2019,9.524,90.476,22.50377
Sierra Leone,2020,9.524,90.476,22.671684
Sierra Leone,2021,9.524,90.476,21.367002
Singapore,2000,100.0,0.0,21.129572
Singapore,2001,100.0,0.0,19.737217
Singapore,2002,100.0,0.0,19.132345
Singapore,2003,100.0,0.0,17.185905
Singapore,2004,100.0,0.0,17.155836
Singapore,2005,100.0,0.0,17.526047
Singapore,2006,100.0,0.0,20.975716
Singapore,2007,100.0,0.0,19.191233
Singapore,2008,100.0,0.0,17.000057
Singapore,2009,100.0,0.0,20.625956
Singapore,2010,100.0,0.0,13.610647
Singapore,2011,99.977,0.023,16.751627
Singapore,2012,99.97800000000001,0.022,18.773914
Singapore,2013,99.649,0.351,25.488768
Singapore,2014,99.403,0.596,20.224308
Singapore,2015,99.144,0.856,26.793467
Singapore,2016,98.921,1.079,15.159315
Singapore,2017,98.89399999999999,1.106,14.399267
Singapore,2018,98.67399999999999,1.326,16.029055
Singapore,2019,98.493,1.5070000000000001,18.867815
Singapore,2020,98.36800000000001,1.6320000000000001,12.242618
Singapore,2021,98.036,1.964,13.818389
Singapore,2022,97.59,2.41,15.092484
Slovakia,1990,45.38999999999999,54.609,27.270803
Slovakia,1991,46.002,53.998,27.104414
Slovakia,1992,44.105,55.894999999999996,26.561176
Slovakia,1993,37.796,62.203,26.017939
Slovakia,1994,33.411,66.588,25.4747
Slovakia,1995,38.251999999999995,61.748,25.685156
Slovakia,1996,39.199000000000005,60.801,24.388226
Slovakia,1997,39.577,60.423,23.844988
Slovakia,1998,39.137,60.862,23.30175
Slovakia,1999,37.425,62.576,22.758512
Slovakia,2000,31.449000000000005,68.551,21.838427
Slovakia,2001,30.318,69.683,22.133266
Slovakia,2002,27.378,72.62299999999999,25.11509
Slovakia,2003,30.75,69.24999999999999,26.116549
Slovakia,2004,30.509,69.492,22.679897
Slovakia,2005,28.494,71.506,23.841965
Slovakia,2006,26.883,73.118,22.68622
Slovakia,2007,27.201,72.799,21.433353
Slovakia,2008,25.965999999999998,74.034,20.041895
Slovakia,2009,26.612000000000002,73.388,21.281368
Slovakia,2010,25.164,74.835,21.963186
Slovakia,2011,27.649,72.351,23.58067
Slovakia,2012,25.779000000000003,74.21999999999998,20.593954
Slovakia,2013,22.363999999999997,77.637,20.203468
Slovakia,2014,19.601,80.399,18.901104
Slovakia,2015,20.121,79.881,18.839622
Slovakia,2016,19.79,80.21,17.533688
Slovakia,2017,20.776,79.223,18.339392
Slovakia,2018,22.281,77.71900000000001,18.200846
Slovakia,2019,22.206000000000003,77.793,15.030193
Slovakia,2020,21.817,78.183,13.920662
Slovakia,2021,24.141000000000002,75.86,15.207082
Slovakia,2022,17.845,82.15400000000001,13.752691
Slovenia,1990,39.147999999999996,60.852,26.848272
Slovenia,1991,32.81,67.19,26.603977
Slovenia,1992,40.113,59.887,26.068068
Slovenia,1993,41.423,58.577,25.53216
Slovenia,1994,37.859,62.141000000000005,24.99625
Slovenia,1995,37.753,62.248000000000005,25.043568
Slovenia,1996,36.245,63.754999999999995,23.924433
Slovenia,1997,38.467999999999996,61.533,23.388523
Slovenia,1998,38.119,61.881,22.852615
Slovenia,1999,36.123999999999995,63.876,22.316706
Slovenia,2000,36.37,63.629,21.489183
Slovenia,2001,36.94800000000001,63.052,20.544628
Slovenia,2002,38.766,61.233000000000004,23.190174
Slovenia,2003,40.05799999999999,59.943,24.388767
Slovenia,2004,36.672999999999995,63.327,21.420551
Slovenia,2005,37.459,62.542,22.653955
Slovenia,2006,38.782,61.218,20.565495
Slovenia,2007,39.626999999999995,60.37200000000001,19.436747
Slovenia,2008,35.526999999999994,64.472,18.22664
Slovenia,2009,35.083,64.917,18.361431
Slovenia,2010,35.979,64.02199999999999,18.715233
Slovenia,2011,36.558,63.442,21.144482
Slovenia,2012,36.592,63.407999999999994,17.725708
Slovenia,2013,34.114000000000004,65.886,16.588333
Slovenia,2014,24.373,75.627,14.867898
Slovenia,2015,32.433,67.56800000000001,17.235878
Slovenia,2016,33.58,66.41999999999999,15.916366
Slovenia,2017,33.147,66.854,16.14458
Slovenia,2018,31.762,68.238,16.176374
Slovenia,2019,31.654999999999998,68.345,13.211474
Slovenia,2020,29.366,70.634,13.208048
Slovenia,2021,28.479000000000003,71.52,12.714614
Slovenia,2022,28.259999999999998,71.74000000000001,13.653188
Solomon Islands,2000,100.0,0.0,9.24123
Solomon Islands,2001,100.0,0.0,10.095279
Solomon Islands,2002,100.0,0.0,9.504515
Solomon Islands,2003,100.0,0.0,9.689326
Solomon Islands,2004,100.0,0.0,9.2814865
Solomon Islands,2005,100.0,0.0,9.456455
Solomon Islands,2006,100.0,0.0,9.519574
Solomon Islands,2007,100.0,0.0,9.136309
Solomon Islands,2008,100.0,0.0,9.266416
Solomon Islands,2009,100.0,0.0,9.769275
Solomon Islands,2010,100.0,0.0,9.198919
Solomon Islands,2011,100.0,0.0,8.112225
Solomon Islands,2012,100.0,0.0,8.782653
Solomon Islands,2013,100.0,0.0,10.692454
Solomon Islands,2014,100.0,0.0,10.30648
Solomon Islands,2015,100.0,0.0,10.049858
Solomon Islands,2016,100.0,0.0,9.843036
Solomon Islands,2017,100.0,0.0,11.099574
Solomon Islands,2018,100.0,0.0,10.307417
Solomon Islands,2019,100.0,0.0,9.728483
Solomon Islands,2020,100.0,0.0,9.106258
Solomon Islands,2021,100.0,0.0,8.163662
Somalia,2000,100.0,0.0,21.110737
Somalia,2001,100.0,0.0,18.38301
Somalia,2002,100.0,0.0,19.025606
Somalia,2003,100.0,0.0,17.492159
Somalia,2004,100.0,0.0,17.656092
Somalia,2005,100.0,0.0,16.769993
Somalia,2006,100.0,0.0,17.608662
Somalia,2007,100.0,0.0,18.439644
Somalia,2008,100.0,0.0,18.527061
Somalia,2009,100.0,0.0,18.770607
Somalia,2010,100.0,0.0,17.362068
Somalia,2011,100.0,0.0,19.884495
Somalia,2012,100.0,0.0,20.60234
Somalia,2013,100.0,0.0,19.645878
Somalia,2014,100.0,0.0,18.002407
Somalia,2015,100.0,0.0,17.247303
Somalia,2016,97.059,2.941,17.357922
Somalia,2017,94.286,5.714,19.337543
Somalia,2018,94.286,5.714,20.13817
Somalia,2019,94.286,5.714,18.220757
Somalia,2020,92.105,7.895,18.295856
Somalia,2021,90.244,9.756,16.892193
South Africa,1990,93.243,5.656,23.681032
South Africa,1991,92.319,6.609,23.877188
South Africa,1992,93.234,5.973,23.870337
South Africa,1993,94.994,4.236999999999999,23.863483
South Africa,1994,93.237,5.928,23.85663
South Africa,1995,92.98,6.337000000000001,24.255796
South Africa,1996,92.317,6.574,23.842926
South Africa,1997,91.684,7.074999999999999,23.836075
South Africa,1998,91.31,7.5120000000000005,23.829222
South Africa,1999,91.946,6.7780000000000005,23.822369
South Africa,2000,92.467,7.533,23.612509
South Africa,2001,93.294,6.7059999999999995,22.964682
South Africa,2002,92.73,7.269,22.377216
South Africa,2003,93.654,6.346000000000001,21.299675
South Africa,2004,93.161,6.84,21.44833
South Africa,2005,93.89699999999999,6.104,21.702946
South Africa,2006,94.357,5.6419999999999995,25.785
South Africa,2007,94.368,5.631000000000001,27.936365
South Africa,2008,94.01400000000001,5.985,27.974333
South Africa,2009,94.20100000000001,5.799,28.401134
South Africa,2010,93.658,6.341,32.795925
South Africa,2011,93.688,6.311,28.53444
South Africa,2012,94.163,5.836,28.647488
South Africa,2013,93.61500000000001,6.385000000000001,28.406424
South Africa,2014,92.332,7.668,26.74929
South Africa,2015,92.64399999999999,7.356000000000001,28.496468
South Africa,2016,90.296,9.703,26.143646
South Africa,2017,89.43700000000001,10.563,28.757631
South Africa,2018,90.39,9.611,27.773424
South Africa,2019,88.843,11.157,28.86977
South Africa,2020,88.984,11.015,28.326218
South Africa,2021,86.994,13.007,27.722593
South Africa,2022,86.194,13.806000000000001,28.50628
South Korea,1990,49.983999999999995,48.6,21.357327
South Korea,1991,53.377,45.434,21.323835
South Korea,1992,58.074999999999996,40.719,21.324059
South Korea,1993,60.379,38.522999999999996,21.324284
South Korea,1994,65.77799999999999,33.267,21.324507
South Korea,1995,64.25399999999999,34.41,21.257303
South Korea,1996,64.785,33.983999999999995,21.324957
South Korea,1997,66.534,32.434999999999995,21.32518
South Korea,1998,59.589999999999996,39.643,21.325405
South Korea,1999,58.331,40.938,21.325628
South Korea,2000,60.521,39.479,21.359568
South Korea,2001,62.065,37.934000000000005,21.22644
South Korea,2002,62.573,37.427,20.973104
South Korea,2003,60.434,39.566,20.7472
South Korea,2004,62.790000000000006,37.21,20.105669
South Korea,2005,61.136,38.864,20.717138
South Korea,2006,61.775000000000006,38.225,23.54529
South Korea,2007,64.988,35.011,24.764164
South Korea,2008,64.586,35.414,24.560825
South Korea,2009,65.854,34.147,24.494888
South Korea,2010,68.57199999999999,31.428,22.74259
South Korea,2011,68.012,31.987,21.823149
South Korea,2012,69.427,30.573,22.600353
South Korea,2013,71.563,28.436,25.061584
South Korea,2014,68.19600000000001,31.805,26.218042
South Korea,2015,66.381,33.618,24.499355
South Korea,2016,67.246,32.754,24.146631
South Korea,2017,69.087,30.913999999999998,22.090258
South Korea,2018,72.17,27.832,21.487965
South Korea,2019,69.228,30.771,21.979578
South Korea,2020,66.2,33.801,20.99837
South Korea,2021,66.65,33.35,21.545258
South Korea,2022,62.992999999999995,37.006,23.440752
Spain,1990,46.895,53.105000000000004,16.498718
Spain,1991,46.113,53.885999999999996,16.25652
Spain,1992,51.892,48.108,16.27173
Spain,1993,47.775,52.225,16.286942
Spain,1994,47.564,52.436,16.302155
Spain,1995,51.787000000000006,48.212,15.802543
Spain,1996,43.715999999999994,56.285,16.332579
Spain,1997,51.216,48.785000000000004,16.34779
Spain,1998,50.42099999999999,49.577999999999996,16.363003
Spain,1999,58.147999999999996,41.852,16.378214
Spain,2000,56.229,43.772,16.650837
Spain,2001,51.513000000000005,48.486999999999995,15.604709
Spain,2002,59.906,40.094,15.7520485
Spain,2003,54.283,45.717999999999996,16.163403
Spain,2004,58.437,41.564,15.027939
Spain,2005,64.91199999999999,35.089,15.0413
Spain,2006,61.973,38.027,14.34472
Spain,2007,62.393,37.607,13.503873
Spain,2008,61.014,38.986,13.110079
Spain,2009,56.492,43.509,12.965719
Spain,2010,46.416999999999994,53.584,11.54007
Spain,2011,50.15,49.85,12.094295
Spain,2012,49.47099999999999,50.53,11.691996
Spain,2013,40.261,59.74,10.275908
Spain,2014,39.052,60.949,10.224611
Spain,2015,44.39600000000001,55.604000000000006,11.808526
Spain,2016,39.798,60.202,10.3473625
Spain,2017,46.511,53.489000000000004,11.165817
Spain,2018,41.278999999999996,58.721,10.503472
Spain,2019,41.179,58.821,10.43382
Spain,2020,33.742,66.257,10.0910225
Spain,2021,32.68,67.319,10.236642
Spain,2022,37.267,62.733000000000004,11.933845
Sri Lanka,2000,50.853,49.147,33.228462
Sri Lanka,2001,52.68,47.32,32.81299
Sri Lanka,2002,60.588,39.412,31.82153
Sri Lanka,2003,55.87,44.129999999999995,31.403036
Sri Lanka,2004,62.69,37.31,32.753372
Sri Lanka,2005,61.59,38.410000000000004,32.79578
Sri Lanka,2006,54.102,45.898,28.439123
Sri Lanka,2007,58.57,41.43,26.342556
Sri Lanka,2008,56.757,43.244,26.658842
Sri Lanka,2009,59.001,40.999,26.927353
Sri Lanka,2010,45.55,54.449,27.411854
Sri Lanka,2011,57.819,42.18,28.52513
Sri Lanka,2012,69.393,30.607000000000003,26.250776
Sri Lanka,2013,38.765,61.236000000000004,26.163153
Sri Lanka,2014,59.315,40.68599999999999,25.01084
Sri Lanka,2015,50.157,49.843,22.680168
Sri Lanka,2016,65.814,34.18600000000001,24.670006
Sri Lanka,2017,68.754,31.246000000000002,24.318167
Sri Lanka,2018,52.941,47.059000000000005,28.688246
Sri Lanka,2019,64.066,35.936,24.00324
Sri Lanka,2020,61.874,38.125,22.420519
Sri Lanka,2021,62.752,37.248,21.46245
Sudan,2000,47.674,52.32599999999999,37.495068
Sudan,2001,48.763999999999996,51.237,37.519573
Sudan,2002,51.457,48.543,37.309483
Sudan,2003,60.06,39.94,37.73943
Sudan,2004,63.584,36.416000000000004,41.17329
Sudan,2005,62.631,37.369,38.892708
Sudan,2006,65.023,34.977,39.18204
Sudan,2007,66.396,33.603,38.44944
Sudan,2008,69.63,30.371000000000002,39.244225
Sudan,2009,47.82,52.18,40.642704
Sudan,2010,17.334,82.667,40.651234
Sudan,2011,22.673,77.327,42.2186
Sudan,2012,27.117,72.883,39.596447
Sudan,2013,17.791,82.21000000000001,40.68071
Sudan,2014,19.788,80.213,35.047432
Sudan,2015,31.903,68.09700000000001,40.314674
Sudan,2016,39.717,60.284,41.058575
Sudan,2017,35.808,64.191,41.578762
Sudan,2018,36.604,63.397,38.282707
Sudan,2019,36.664,63.336,37.889
Sudan,2020,34.487,65.513,34.309803
Sudan,2021,36.407,63.592,38.700844
Suriname,2000,49.286,50.714,27.71458
Suriname,2001,48.592,51.408,23.879726
Suriname,2002,48.252,51.748,22.889969
Suriname,2003,47.917,52.083,23.651512
Suriname,2004,47.586,52.414,20.587927
Suriname,2005,46.053,53.947,23.10992
Suriname,2006,44.872,55.128,19.297125
Suriname,2007,44.872,55.128,17.695866
Suriname,2008,44.872,55.128,17.627968
Suriname,2009,44.872,55.128,16.964323
Suriname,2010,28.571,71.429,16.668331
Suriname,2011,45.503,54.497,16.351599
Suriname,2012,56.614,43.386,17.559896
Suriname,2013,56.771,43.229,15.615831
Suriname,2014,71.354,28.646,15.372594
Suriname,2015,74.872,25.129000000000005,17.563894
Suriname,2016,58.333,41.667,16.094234
Suriname,2017,50.532,49.468,16.029196
Suriname,2018,47.09,52.910000000000004,15.206728
Suriname,2019,50.769,49.231,15.798724
Suriname,2020,48.958,51.042,15.573045
Suriname,2021,49.505,50.495000000000005,16.962357
Sweden,1990,2.295,97.705,12.011935
Sweden,1991,3.471,96.53000000000002,11.890703
Sweden,1992,4.1240000000000006,95.874,11.777082
Sweden,1993,4.811999999999999,95.18799999999999,11.663462
Sweden,1994,5.705,94.296,11.549841
Sweden,1995,5.26,94.74,11.420998
Sweden,1996,8.776,91.225,11.322599
Sweden,1997,4.858,95.14099999999999,11.208978
Sweden,1998,4.478,95.523,11.095357
Sweden,1999,4.457,95.543,10.981736
Sweden,2000,3.285,96.71499999999999,10.875727
Sweden,2001,3.818,96.18199999999999,9.133279
Sweden,2002,5.072,94.928,9.580721
Sweden,2003,6.825,93.175,10.615756
Sweden,2004,3.9690000000000003,96.031,9.046319
Sweden,2005,3.005,96.99400000000001,9.489651
Sweden,2006,3.657,96.34299999999999,8.697534
Sweden,2007,2.971,97.03,8.166125
Sweden,2008,3.069,96.931,7.6235137
Sweden,2009,3.3819999999999997,96.617,7.45921
Sweden,2010,5.746,94.25500000000001,7.5365114
Sweden,2011,3.806,96.194,8.225739
Sweden,2012,2.457,97.54199999999999,6.625338
Sweden,2013,2.535,97.464,6.2847524
Sweden,2014,1.9089999999999998,98.092,7.7758365
Sweden,2015,1.9449999999999998,98.05599999999998,6.107648
Sweden,2016,2.348,97.652,5.9758854
Sweden,2017,2.113,97.888,5.6005363
Sweden,2018,2.241,97.761,6.633893
Sweden,2019,1.9889999999999999,98.012,5.99033
Sweden,2020,1.49,98.50999999999999,5.3698635
Sweden,2021,1.782,98.21900000000001,5.8249617
Sweden,2022,1.7830000000000001,98.21799999999999,5.6878552
Switzerland,2000,4.259,95.741,20.643429
Switzerland,2001,4.082,95.91799999999999,19.574482
Switzerland,2002,4.564,95.43599999999999,19.09141
Switzerland,2003,4.682,95.317,20.663507
Switzerland,2004,4.895,95.105,17.535694
Switzerland,2005,5.507,94.494,18.118116
Switzerland,2006,5.351,94.648,15.126533
Switzerland,2007,4.85,95.149,13.855641
Switzerland,2008,4.847,95.154,14.031815
Switzerland,2009,4.815,95.185,15.168237
Switzerland,2010,5.351,94.649,14.864882
Switzerland,2011,5.642,94.358,14.957909
Switzerland,2012,5.47,94.53099999999999,12.905478
Switzerland,2013,5.377,94.624,13.284799
Switzerland,2014,5.111,94.89,10.67616
Switzerland,2015,5.358,94.642,11.929173
Switzerland,2016,6.417,93.582,10.870816
Switzerland,2017,6.482,93.51899999999999,10.686373
Switzerland,2018,5.685,94.316,10.676114
Switzerland,2019,5.383,94.61699999999999,9.184163
Switzerland,2020,5.371,94.63,9.126411
Switzerland,2021,3.722,96.279,9.532894
Switzerland,2022,3.631,96.36900000000001,10.174784
Syria,2000,86.52699999999999,13.472999999999999,27.88898
Syria,2001,86.572,13.428,28.985916
Syria,2002,90.713,9.286,30.426365
Syria,2003,90.12100000000001,9.878,31.088764
Syria,2004,86.315,13.685,31.051805
Syria,2005,86.975,13.024999999999999,29.846754
Syria,2006,88.832,11.168000000000001,30.554668
Syria,2007,90.49799999999999,9.501000000000001,31.374006
Syria,2008,92.592,7.408,32.184772
Syria,2009,95.39500000000001,4.604,32.79801
Syria,2010,94.06200000000001,5.938,36.468994
Syria,2011,91.708,8.293000000000001,31.925129
Syria,2012,90.28999999999999,9.71,33.19163
Syria,2013,87.479,12.520999999999999,34.234287
Syria,2014,88.40799999999999,11.592,30.887169
Syria,2015,97.524,2.476,33.77197
Syria,2016,94.586,5.413,30.296124
Syria,2017,95.62700000000001,4.373,31.397419
Syria,2018,95.566,4.434,31.647566
Syria,2019,95.422,4.577999999999999,33.370384
Syria,2020,95.19,4.81,31.571024
Syria,2021,95.46600000000001,4.534999999999999,30.568117
Tajikistan,2000,1.502,98.498,23.761147
Tajikistan,2001,1.195,98.805,23.629396
Tajikistan,2002,0.859,99.141,22.736343
Tajikistan,2003,0.98,99.02,21.443724
Tajikistan,2004,0.858,99.142,21.20984
Tajikistan,2005,0.709,99.291,21.61091
Tajikistan,2006,1.372,98.628,28.365545
Tajikistan,2007,2.194,97.806,31.939293
Tajikistan,2008,2.06,97.94,31.926254
Tajikistan,2009,1.378,98.622,30.350664
Tajikistan,2010,0.184,99.816,32.455673
Tajikistan,2011,0.249,99.751,32.66074
Tajikistan,2012,0.417,99.583,27.218243
Tajikistan,2013,0.236,99.764,29.472546
Tajikistan,2014,0.938,99.062,30.81156
Tajikistan,2015,0.883,99.117,30.715414
Tajikistan,2016,3.289,96.712,31.356234
Tajikistan,2017,5.146,94.855,33.03046
Tajikistan,2018,6.519,93.48,33.384758
Tajikistan,2019,6.896000000000001,93.103,31.073715
Tajikistan,2020,8.211,91.789,31.43502
Tajikistan,2021,8.768,91.232,34.793835
Tanzania,2000,6.996,93.00399999999999,20.338036
Tanzania,2001,2.941,97.059,24.939394
Tanzania,2002,3.559,96.44200000000001,22.153091
Tanzania,2003,3.053,96.94600000000001,21.20322
Tanzania,2004,13.732,86.267,21.09338
Tanzania,2005,37.901,62.099,21.340841
Tanzania,2006,44.411,55.589,22.715437
Tanzania,2007,30.049,69.95,23.664364
Tanzania,2008,30.047,69.953,24.07692
Tanzania,2009,34.335,65.666,22.113169
Tanzania,2010,36.311,63.689,23.447292
Tanzania,2011,50.499,49.501000000000005,24.045004
Tanzania,2012,57.77,42.231,23.271786
Tanzania,2013,61.179,38.821,23.079016
Tanzania,2014,48.849,51.150999999999996,20.306625
Tanzania,2015,56.25,43.75,20.94268
Tanzania,2016,54.806,45.193000000000005,20.423828
Tanzania,2017,54.922,45.07899999999999,18.60389
Tanzania,2018,61.358,38.643,19.734226
Tanzania,2019,59.552,40.449,22.004894
Tanzania,2020,53.683,46.317,22.509485
Tanzania,2021,55.867999999999995,44.13199999999999,20.59925
Thailand,1990,88.83500000000001,11.165000000000001,38.242702
Thailand,1991,90.952,9.048,37.394947
Thailand,1992,92.67,7.33,36.964138
Thailand,1993,94.25,5.75,36.533333
Thailand,1994,93.735,6.263999999999999,36.102528
Thailand,1995,91.553,8.447000000000001,34.83782
Thailand,1996,91.468,8.532,35.240917
Thailand,1997,92.063,7.938,34.81011
Thailand,1998,93.971,6.03,34.379303
Thailand,1999,95.687,4.275,33.948498
Thailand,2000,92.874,7.1259999999999994,33.934643
Thailand,2001,92.93800000000002,7.061,32.984962
Thailand,2002,92.055,7.944,34.059414
Thailand,2003,92.32799999999999,7.670999999999999,32.558975
Thailand,2004,93.484,6.516,35.00346
Thailand,2005,93.96799999999999,6.033,34.036808
Thailand,2006,92.40099999999998,7.599,29.044611
Thailand,2007,92.29100000000001,7.709,26.510504
Thailand,2008,93.437,6.562,26.627348
Thailand,2009,93.373,6.626,25.579247
Thailand,2010,94.291,5.709,25.804216
Thailand,2011,91.96,8.039,27.047493
Thailand,2012,91.46100000000001,8.539,25.209566
Thailand,2013,92.32300000000001,7.676,27.243202
Thailand,2014,91.604,8.395,25.701174
Thailand,2015,92.00600000000001,7.994,23.611124
Thailand,2016,91.016,8.983,25.874048
Thailand,2017,89.04299999999999,10.957999999999998,22.881037
Thailand,2018,85.81,14.191,24.51174
Thailand,2019,85.29899999999999,14.698999999999998,23.961107
Thailand,2020,86.204,13.796,25.177458
Thailand,2021,85.493,14.506999999999998,23.808731
Thailand,2022,84.74500000000002,15.256,23.724882
Togo,2000,41.176,58.824,45.293133
Togo,2001,58.333,41.667,35.310413
Togo,2002,40.0,60.0,39.01469
Togo,2003,29.412,70.588,31.567423
Togo,2004,55.556,44.444,42.886604
Togo,2005,61.111,38.889,33.365734
Togo,2006,57.143,42.857,35.444534
Togo,2007,50.0,50.0,38.438828
Togo,2008,25.0,75.0,38.817947
Togo,2009,21.429,78.571,33.084526
Togo,2010,47.059,52.941,30.188795
Togo,2011,16.667,83.333,34.381084
Togo,2012,18.182,81.818,33.982857
Togo,2013,60.0,40.0,28.541374
Togo,2014,40.0,60.0,28.494814
Togo,2015,83.784,16.216,40.94153
Togo,2016,53.488,46.512,36.54587
Togo,2017,72.727,27.273,35.68733
Togo,2018,63.158,36.842,30.94301
Togo,2019,64.286,35.715,29.53269
Togo,2020,74.138,25.862000000000002,36.985096
Togo,2021,73.01599999999999,26.985,34.50879
Tonga,2000,100.0,0.0,4.943204
Tonga,2001,100.0,0.0,5.185445
Tonga,2002,100.0,0.0,4.8680515
Tonga,2003,100.0,0.0,5.0158753
Tonga,2004,100.0,0.0,4.865032
Tonga,2005,100.0,0.0,4.8300147
Tonga,2006,100.0,0.0,4.73694
Tonga,2007,100.0,0.0,4.95574
Tonga,2008,100.0,0.0,4.9600782
Tonga,2009,100.0,0.0,4.596569
Tonga,2010,100.0,0.0,4.574589
Tonga,2011,100.0,0.0,4.1854143
Tonga,2012,100.0,0.0,4.484519
Tonga,2013,100.0,0.0,4.6046963
Tonga,2014,100.0,0.0,4.290684
Tonga,2015,100.0,0.0,4.292354
Tonga,2016,100.0,0.0,4.0671124
Tonga,2017,83.333,16.667,5.0365734
Tonga,2018,85.714,14.286,4.5355473
Tonga,2019,85.714,14.286,4.6843214
Tonga,2020,85.714,14.286,4.32673
Tonga,2021,87.5,12.5,4.623035
Trinidad and Tobago,2000,99.417,0.584,14.440742
Trinidad and Tobago,2001,99.434,0.566,14.5149355
Trinidad and Tobago,2002,99.434,0.566,15.090462
Trinidad and Tobago,2003,99.504,0.496,13.789452
Trinidad and Tobago,2004,99.504,0.497,12.702813
Trinidad and Tobago,2005,99.397,0.602,13.86755
Trinidad and Tobago,2006,99.407,0.593,14.437404
Trinidad and Tobago,2007,99.584,0.416,14.483235
Trinidad and Tobago,2008,100.0,0.0,14.640029
Trinidad and Tobago,2009,100.0,0.0,14.693939
Trinidad and Tobago,2010,100.0,0.0,16.934822
Trinidad and Tobago,2011,100.0,0.0,14.008262
Trinidad and Tobago,2012,100.0,0.0,15.209205
Trinidad and Tobago,2013,100.0,0.0,13.587622
Trinidad and Tobago,2014,100.0,0.0,12.4160385
Trinidad and Tobago,2015,99.88900000000001,0.111,14.419391
Trinidad and Tobago,2016,99.887,0.113,14.508621
Trinidad and Tobago,2017,99.886,0.114,14.908515
Trinidad and Tobago,2018,99.885,0.115,12.957615
Trinidad and Tobago,2019,99.885,0.116,13.60047
Trinidad and Tobago,2020,99.878,0.122,13.951946
Trinidad and Tobago,2021,99.88600000000001,0.115,14.708157
Tunisia,2000,99.197,0.8029999999999999,20.74874
Tunisia,2001,99.346,0.654,20.430553
Tunisia,2002,99.191,0.809,22.22797
Tunisia,2003,98.372,1.6280000000000001,20.05147
Tunisia,2004,98.454,1.546,19.19178
Tunisia,2005,98.612,1.387,18.788853
Tunisia,2006,99.021,0.9790000000000001,19.066423
Tunisia,2007,99.303,0.6970000000000001,19.179855
Tunisia,2008,99.482,0.518,19.566164
Tunisia,2009,98.746,1.254,19.274296
Tunisia,2010,98.729,1.27,19.464647
Tunisia,2011,98.956,1.044,19.223516
Tunisia,2012,98.095,1.905,17.879904
Tunisia,2013,97.424,2.576,17.355003
Tunisia,2014,96.697,3.3040000000000003,19.278841
Tunisia,2015,96.839,3.16,18.071249
Tunisia,2016,96.593,3.4069999999999996,19.164019
Tunisia,2017,96.87,3.129,16.533775
Tunisia,2018,96.721,3.278,18.954609
Tunisia,2019,96.01,3.991,16.932352
Tunisia,2020,95.659,4.34,17.004974
Tunisia,2021,95.222,4.778,20.064817
Tunisia,2022,95.611,4.389,22.39731
Turkey,1990,59.627,40.372,25.127153
Turkey,1991,62.150999999999996,37.848,25.12153
Turkey,1992,60.37100000000001,39.629,25.196644
Turkey,1993,53.814,46.186,25.271757
Turkey,1994,60.781,39.218999999999994,25.34687
Turkey,1995,58.435,41.565000000000005,25.26051
Turkey,1996,57.062,42.937,25.497097
Turkey,1997,61.094,38.906,25.57221
Turkey,1998,61.668,38.331999999999994,25.647324
Turkey,1999,70.019,29.980999999999998,25.722439
Turkey,2000,74.938,25.062,25.878288
Turkey,2001,80.08,19.919999999999998,26.350552
Turkey,2002,73.555,26.444,27.358885
Turkey,2003,74.51299999999999,25.488,25.155697
Turkey,2004,69.07300000000001,30.927,25.290657
Turkey,2005,75.39999999999999,24.599,24.862309
Turkey,2006,74.72900000000001,25.271,25.544792
Turkey,2007,80.951,19.048,26.023035
Turkey,2008,82.643,17.357,25.831678
Turkey,2009,80.40899999999999,19.590999999999998,24.786106
Turkey,2010,73.601,26.4,27.400179
Turkey,2011,74.66399999999999,25.336000000000002,26.23227
Turkey,2012,72.758,27.241,25.853256
Turkey,2013,71.143,28.858,27.051037
Turkey,2014,79.087,20.912000000000003,27.130426
Turkey,2015,67.986,32.014,27.86287
Turkey,2016,67.028,32.972,25.069601
Turkey,2017,70.57000000000001,29.43,26.64527
Turkey,2018,67.823,32.176,26.330004
Turkey,2019,56.32,43.681000000000004,26.326893
Turkey,2020,57.979,42.021,25.16529
Turkey,2021,64.443,35.557,25.22422
Turkey,2022,58.025999999999996,41.973,27.69166
Turkmenistan,2000,100.0,0.0,31.204771
Turkmenistan,2001,100.0,0.0,32.077137
Turkmenistan,2002,100.0,0.0,30.765945
Turkmenistan,2003,100.0,0.0,27.862188
Turkmenistan,2004,100.0,0.0,26.758078
Turkmenistan,2005,100.0,0.0,27.345095
Turkmenistan,2006,100.0,0.0,29.833204
Turkmenistan,2007,100.0,0.0,32.643776
Turkmenistan,2008,100.0,0.0,32.644382
Turkmenistan,2009,100.0,0.0,29.987507
Turkmenistan,2010,100.0,0.0,32.658413
Turkmenistan,2011,100.0,0.0,33.578518
Turkmenistan,2012,100.0,0.0,27.991066
Turkmenistan,2013,100.0,0.0,30.45965
Turkmenistan,2014,100.0,0.0,32.8746
Turkmenistan,2015,100.0,0.0,29.424438
Turkmenistan,2016,100.0,0.0,27.741673
Turkmenistan,2017,100.0,0.0,30.968966
Turkmenistan,2018,100.0,0.0,33.035812
Turkmenistan,2019,100.0,0.0,28.01602
Turkmenistan,2020,100.0,0.0,28.717031
Turkmenistan,2021,100.0,0.0,35.131084
Uganda,2000,2.516,97.484,31.732359
Uganda,2001,2.516,97.484,33.086357
Uganda,2002,2.339,97.661,30.551538
Uganda,2003,2.778,97.222,29.619564
Uganda,2004,2.577,97.423,30.64457
Uganda,2005,5.641,94.359,29.230522
Uganda,2006,25.478,74.522,30.898413
Uganda,2007,28.426,71.574,32.09179
Uganda,2008,26.724,73.276,32.23127
Uganda,2009,37.083,62.916,29.09295
Uganda,2010,40.892,59.107,33.02227
Uganda,2011,38.314,61.684999999999995,34.13835
Uganda,2012,19.388,80.61300000000001,33.23005
Uganda,2013,5.405,94.595,34.561832
Uganda,2014,10.32,89.67999999999999,30.816698
Uganda,2015,10.105,89.895,31.321686
Uganda,2016,7.692,92.30799999999999,31.654978
Uganda,2017,6.65,93.351,27.80464
Uganda,2018,7.193,92.80799999999999,27.57439
Uganda,2019,2.079,97.922,32.573566
Uganda,2020,2.921,97.07900000000001,33.424423
Uganda,2021,2.955,97.04500000000002,32.266285
Ukraine,1990,70.97,29.031,36.055164
Ukraine,1991,68.815,31.185000000000002,35.81888
Ukraine,1992,67.649,32.352,35.25732
Ukraine,1993,62.44,37.559999999999995,34.695763
Ukraine,1994,60.059,39.939,34.134205
Ukraine,1995,58.482,41.518,34.223194
Ukraine,1996,51.745,48.254999999999995,33.011086
Ukraine,1997,49.786,50.214,32.449528
Ukraine,1998,47.303999999999995,52.696,31.88797
Ukraine,1999,49.754999999999995,50.244,31.326412
Ukraine,2000,48.25699999999999,51.742999999999995,30.43958
Ukraine,2001,48.949000000000005,51.05,29.547655
Ukraine,2002,49.507,50.493,31.303165
Ukraine,2003,49.678,50.323,26.559711
Ukraine,2004,45.72,54.278999999999996,24.963346
Ukraine,2005,45.586,54.414,23.805002
Ukraine,2006,46.623000000000005,53.376999999999995,20.99425
Ukraine,2007,47.482,52.519,19.748074
Ukraine,2008,47.211,52.789,19.41772
Ukraine,2009,45.26,54.74,19.691874
Ukraine,2010,45.694,54.305,20.136063
Ukraine,2011,47.961,52.038999999999994,19.513416
Ukraine,2012,48.896,51.104,19.294516
Ukraine,2013,49.244,50.756,18.974443
Ukraine,2014,45.84,54.159,19.042858
Ukraine,2015,41.394,58.606,17.144812
Ukraine,2016,44.614999999999995,55.385,17.073694
Ukraine,2017,37.534,62.466,17.94825
Ukraine,2018,38.431,61.569,17.438465
Ukraine,2019,37.855000000000004,62.144,16.290163
Ukraine,2020,36.760000000000005,63.241,15.992964
Ukraine,2021,30.549000000000003,69.452,15.727805
Ukraine,2022,25.424000000000003,74.57600000000001,14.023371
United Arab Emirates,1990,100.0,0.0,56.238636
United Arab Emirates,1991,100.0,0.0,56.374645
United Arab Emirates,1992,100.0,0.0,56.363922
United Arab Emirates,1993,100.0,0.0,56.353203
United Arab Emirates,1994,100.0,0.0,56.342484
United Arab Emirates,1995,100.0,0.0,56.625217
United Arab Emirates,1996,100.0,0.0,56.32104
United Arab Emirates,1997,100.0,0.0,56.310318
United Arab Emirates,1998,100.0,0.0,56.2996
United Arab Emirates,1999,100.0,0.0,56.28888
United Arab Emirates,2000,100.0,0.0,56.131428
United Arab Emirates,2001,100.0,0.0,56.3905
United Arab Emirates,2002,100.0,0.0,48.90076
United Arab Emirates,2003,100.0,0.0,60.769077
United Arab Emirates,2004,100.0,0.0,61.16299
United Arab Emirates,2005,100.0,0.0,56.321186
United Arab Emirates,2006,100.0,0.0,53.056755
United Arab Emirates,2007,100.0,0.0,54.626392
United Arab Emirates,2008,100.0,0.0,56.26329
United Arab Emirates,2009,99.988,0.012,55.879562
United Arab Emirates,2010,99.977,0.023,55.537014
United Arab Emirates,2011,99.968,0.032,57.15004
United Arab Emirates,2012,99.98,0.02,64.1374
United Arab Emirates,2013,99.923,0.077,55.88983
United Arab Emirates,2014,99.717,0.28300000000000003,50.625298
United Arab Emirates,2015,99.741,0.259,58.40022
United Arab Emirates,2016,99.737,0.262,53.88837
United Arab Emirates,2017,99.407,0.593,55.748352
United Arab Emirates,2018,98.968,1.032,58.225315
United Arab Emirates,2019,97.069,2.931,55.02772
United Arab Emirates,2020,94.421,5.579,47.919857
United Arab Emirates,2021,93.74,6.26,56.306545
United Arab Emirates,2022,82.508,17.492,67.69472
United Kingdom,1990,77.47699999999999,22.524,20.108566
United Kingdom,1991,76.392,23.608,20.16171
United Kingdom,1992,73.94300000000001,26.057000000000002,19.939032
United Kingdom,1993,70.445,29.555000000000003,19.716352
United Kingdom,1994,70.701,29.3,19.493675
United Kingdom,1995,71.177,28.822,19.822643
United Kingdom,1996,71.272,28.726,19.048317
United Kingdom,1997,69.901,30.098,18.82564
United Kingdom,1998,70.05000000000001,29.948999999999998,18.60296
United Kingdom,1999,71.321,28.679000000000002,18.380281
United Kingdom,2000,74.61399999999999,25.386,17.88178
United Kingdom,2001,73.939,26.061999999999998,15.804087
United Kingdom,2002,74.264,25.736,16.387789
United Kingdom,2003,74.887,25.113,19.354486
United Kingdom,2004,75.94200000000001,24.059,15.5840025
United Kingdom,2005,75.07699999999998,24.921999999999997,16.113644
United Kingdom,2006,76.221,23.781,13.462026
United Kingdom,2007,78.95100000000001,21.05,12.137002
United Kingdom,2008,80.682,19.317,11.985766
United Kingdom,2009,74.71,25.288,11.988196
United Kingdom,2010,76.692,23.31,12.538979
United Kingdom,2011,71.462,28.539,13.017005
United Kingdom,2012,69.065,30.934,11.175127
United Kingdom,2013,65.158,34.842,12.495289
United Kingdom,2014,61.73499999999999,38.265,12.157217
United Kingdom,2015,54.401999999999994,45.599000000000004,10.498466
United Kingdom,2016,53.989999999999995,46.009,10.663101
United Kingdom,2017,49.510999999999996,50.489999999999995,10.365011
United Kingdom,2018,47.022,52.977000000000004,10.605907
United Kingdom,2019,45.077000000000005,54.923,10.289071
United Kingdom,2020,40.595,59.817,9.521716
United Kingdom,2021,44.952999999999996,55.297000000000004,9.995796
United Kingdom,2022,43.728,56.391999999999996,10.0166445
United States,1990,69.969,29.699000000000005,15.907267
United States,1991,69.146,30.455999999999996,15.947499
United States,1992,70.019,29.56,15.805496
United States,1993,70.451,29.14,15.663494
United States,1994,70.57900000000001,29.026,15.521491
United States,1995,69.143,30.471,15.743958
United States,1996,68.861,30.749,15.237485
United States,1997,70.318,29.258000000000003,15.095483
United States,1998,71.03,28.54,14.95348
United States,1999,70.199,29.337,14.811477
United States,2000,70.941,29.058,14.487239
United States,2001,71.861,28.139000000000003,13.749565
United States,2002,70.959,29.041000000000004,13.634112
United States,2003,71.235,28.765,13.320015
United States,2004,71.313,28.686999999999998,12.575447
United States,2005,71.87,28.13,13.339296
United States,2006,71.129,28.871000000000002,11.7478695
United States,2007,72.13499999999999,27.866,10.878144
United States,2008,71.191,28.809,10.339967
United States,2009,69.176,30.823,9.368788
United States,2010,70.06700000000001,29.934,9.300517
United States,2011,68.208,31.793,9.434625
United States,2012,68.776,31.224,8.713152
United States,2013,67.714,32.285999999999994,8.426651
United States,2014,67.18799999999999,32.812,8.408081
United States,2015,66.854,33.146,8.05235
United States,2016,65.00099999999999,34.998,7.3841915
United States,2017,62.685,37.315,7.6934433
United States,2018,63.341,36.65899999999999,7.7575064
United States,2019,62.239999999999995,37.759,7.269163
United States,2020,60.147999999999996,39.851,7.7351265
United States,2021,60.487,39.51199999999999,8.23139
United States,2022,59.522999999999996,40.476,7.428238
United States Virgin Islands,2000,100.0,0.0,7.8958063
United States Virgin Islands,2001,100.0,0.0,7.7295833
United States Virgin Islands,2002,100.0,0.0,7.586237
United States Virgin Islands,2003,100.0,0.0,7.0575333
United States Virgin Islands,2004,100.0,0.0,6.386439
United States Virgin Islands,2005,100.0,0.0,6.777151
United States Virgin Islands,2006,100.0,0.0,6.708978
United States Virgin Islands,2007,100.0,0.0,6.227625
United States Virgin Islands,2008,100.0,0.0,6.041759
United States Virgin Islands,2009,100.0,0.0,6.084228
United States Virgin Islands,2010,100.0,0.0,7.013779
United States Virgin Islands,2011,100.0,0.0,5.549022
United States Virgin Islands,2012,100.0,0.0,6.6389904
United States Virgin Islands,2013,100.0,0.0,5.8474216
United States Virgin Islands,2014,98.571,1.429,6.180707
United States Virgin Islands,2015,98.551,1.449,6.65173
United States Virgin Islands,2016,98.529,1.471,6.3780403
United States Virgin Islands,2017,98.113,1.887,7.8102894
United States Virgin Islands,2018,98.361,1.639,7.009791
United States Virgin Islands,2019,98.387,1.613,6.4708524
United States Virgin Islands,2020,98.438,1.562,6.758951
United States Virgin Islands,2021,97.143,2.857,7.026067
Upper-middle-income countries,1990,63.391,30.424,37.027817
Upper-middle-income countries,1991,64.214,30.289,36.731705
Upper-middle-income countries,1992,63.914,30.627999999999997,36.724224
Upper-middle-income countries,1993,62.592999999999996,32.099000000000004,36.717598
Upper-middle-income countries,1994,62.854,32.248000000000005,36.71364
Upper-middle-income countries,1995,62.34,32.96,36.130486
Upper-middle-income countries,1996,63.504,32.045,36.703575
Upper-middle-income countries,1997,63.516,31.926000000000002,36.698
Upper-middle-income countries,1998,63.864000000000004,31.603,36.690575
Upper-middle-income countries,1999,64.729,31.106,36.678917
Upper-middle-income countries,2000,68.591,31.409,36.95398
Upper-middle-income countries,2001,68.943,31.055999999999997,36.527817
Upper-middle-income countries,2002,69.432,30.567999999999998,36.894466
Upper-middle-income countries,2003,70.993,29.006,36.52559
Upper-middle-income countries,2004,70.855,29.145,36.148323
Upper-middle-income countries,2005,71.48500000000001,28.515,36.417156
Upper-middle-income countries,2006,72.45600000000002,27.543000000000003,36.862125
Upper-middle-income countries,2007,73.56,26.439000000000004,36.933376
Upper-middle-income countries,2008,72.051,27.948,36.606876
Upper-middle-income countries,2009,72.36200000000001,27.637,36.161457
Upper-middle-income countries,2010,72.278,27.721000000000004,35.52986
Upper-middle-income countries,2011,73.63199999999999,26.366999999999997,37.379128
Upper-middle-income countries,2012,72.10100000000001,27.898,34.95885
Upper-middle-income countries,2013,72.316,27.684,36.444824
Upper-middle-income countries,2014,71.358,28.642,36.90886
Upper-middle-income countries,2015,69.574,30.425999999999995,35.75479
Upper-middle-income countries,2016,68.079,31.921000000000003,33.0789
Upper-middle-income countries,2017,67.683,32.318,31.770475
Upper-middle-income countries,2018,67.06000000000002,32.94,29.903326
Upper-middle-income countries,2019,65.495,34.505,29.614393
Upper-middle-income countries,2020,64.10000000000001,35.900000000000006,27.274572
Upper-middle-income countries,2021,64.092,35.907,26.578588
Upper-middle-income countries,2022,59.841,37.181,27.124878
Uruguay,2000,6.542,93.458,12.916427
Uruguay,2001,0.655,99.345,12.536499
Uruguay,2002,0.736,99.264,12.457227
Uruguay,2003,0.938,99.062,12.516478
Uruguay,2004,17.474,82.526,11.861514
Uruguay,2005,11.905,88.095,11.493759
Uruguay,2006,34.187,65.81299999999999,12.474841
Uruguay,2007,10.452,89.547,12.980722
Uruguay,2008,35.37,64.62899999999999,13.027467
Uruguay,2009,30.909,69.092,13.040133
Uruguay,2010,15.594,84.407,11.668082
Uruguay,2011,26.616,73.385,12.548
Uruguay,2012,36.286,63.714,11.652657
Uruguay,2013,17.817,82.184,11.760945
Uruguay,2014,12.763000000000002,87.237,11.4718
Uruguay,2015,14.033999999999999,85.96600000000001,11.049328
Uruguay,2016,9.745,90.254,11.008091
Uruguay,2017,9.263,90.737,10.927604
Uruguay,2018,9.379,90.622,10.874835
Uruguay,2019,11.776,88.225,11.184076
Uruguay,2020,17.724999999999998,82.275,11.9353075
Uruguay,2021,21.935000000000002,78.065,11.146199
Uruguay,2022,15.557,84.443,11.7896595
Uzbekistan,2000,86.872,13.129,36.958225
Uzbekistan,2001,86.874,13.126,36.59167
Uzbekistan,2002,86.887,13.113,36.36697
Uzbekistan,2003,83.892,16.108,33.70276
Uzbekistan,2004,81.182,18.819,33.13049
Uzbekistan,2005,81.18,18.821,34.300446
Uzbekistan,2006,89.408,10.592,33.036526
Uzbekistan,2007,89.66499999999999,10.334,31.777056
Uzbekistan,2008,88.955,11.045,32.57294
Uzbekistan,2009,85.606,14.395,32.53076
Uzbekistan,2010,83.53900000000002,16.46,32.60301
Uzbekistan,2011,88.684,11.316,33.509468
Uzbekistan,2012,86.859,13.141,29.859962
Uzbekistan,2013,89.055,10.945,30.92616
Uzbekistan,2014,88.598,11.402,32.30178
Uzbekistan,2015,87.168,12.832,32.031597
Uzbekistan,2016,87.054,12.946,30.817417
Uzbekistan,2017,85.618,14.381,32.445198
Uzbekistan,2018,90.156,9.844,32.661213
Uzbekistan,2019,89.236,10.764,32.548763
Uzbekistan,2020,91.044,8.956000000000001,32.390903
Uzbekistan,2021,91.537,8.463,34.20323
Vanuatu,2000,100.0,0.0,9.2489605
Vanuatu,2001,100.0,0.0,9.637264
Vanuatu,2002,100.0,0.0,8.675138
Vanuatu,2003,100.0,0.0,9.273798
Vanuatu,2004,100.0,0.0,8.116669
Vanuatu,2005,100.0,0.0,8.545935
Vanuatu,2006,100.0,0.0,7.690519
Vanuatu,2007,100.0,0.0,7.552454
Vanuatu,2008,100.0,0.0,7.8012185
Vanuatu,2009,100.0,0.0,7.5721536
Vanuatu,2010,100.0,0.0,7.874524
Vanuatu,2011,83.333,16.667,7.745575
Vanuatu,2012,83.333,16.667,7.5560517
Vanuatu,2013,71.429,28.572,8.483935
Vanuatu,2014,71.429,28.572,7.3138437
Vanuatu,2015,71.429,28.572,7.662338
Vanuatu,2016,71.429,28.572,7.4528146
Vanuatu,2017,83.333,16.667,8.762924
Vanuatu,2018,71.429,28.572,8.36324
Vanuatu,2019,71.429,28.572,7.2150416
Vanuatu,2020,71.429,28.572,6.1138043
Vanuatu,2021,71.429,28.572,6.1793222
Venezuela,2000,25.276,74.724,24.452003
Venezuela,2001,31.787,68.213,25.803936
Venezuela,2002,31.979,68.021,25.463375
Venezuela,2003,32.866,67.133,25.85883
Venezuela,2004,27.897,72.103,22.149946
Venezuela,2005,24.589,75.412,22.913061
Venezuela,2006,25.134,74.866,22.002512
Venezuela,2007,26.475,73.525,21.506975
Venezuela,2008,26.187,73.813,21.21662
Venezuela,2009,27.078,72.922,20.2547
Venezuela,2010,31.381,68.62,24.75005
Venezuela,2011,28.018,71.982,22.863697
Venezuela,2012,31.448999999999998,68.551,21.707981
Venezuela,2013,31.023,68.977,20.649755
Venezuela,2014,36.483000000000004,63.518,19.854778
Venezuela,2015,37.71,62.290000000000006,22.006346
Venezuela,2016,40.361000000000004,59.638999999999996,23.225283
Venezuela,2017,40.114999999999995,59.885999999999996,22.151623
Venezuela,2018,40.115,59.885,19.991247
Venezuela,2019,40.108,59.891,20.673073
Venezuela,2020,33.563,66.438,19.318954
Venezuela,2021,35.508,64.493,18.171099
Vietnam,1990,38.152,61.848,40.767754
Vietnam,1991,31.412,68.588,39.903145
Vietnam,1992,25.523,74.477,39.58279
Vietnam,1993,25.295,74.705,39.262436
Vietnam,1994,24.781,75.22,38.94208
Vietnam,1995,27.758000000000003,72.242,37.53322
Vietnam,1996,29.131,70.869,38.301376
Vietnam,1997,39.071,60.929,37.98102
Vietnam,1998,48.842,51.157,37.660667
Vietnam,1999,41.534,58.466,37.340313
Vietnam,2000,45.219,54.782,37.564217
Vietnam,2001,40.509,59.49,35.863964
Vietnam,2002,49.162,50.838,37.15219
Vietnam,2003,53.604000000000006,46.396,36.054558
Vietnam,2004,61.428000000000004,38.571,38.643574
Vietnam,2005,68.16499999999999,31.836,37.956413
Vietnam,2006,65.855,34.153,32.990997
Vietnam,2007,64.9,35.098,30.80046
Vietnam,2008,63.312000000000005,36.695,30.694445
Vietnam,2009,62.735,37.266999999999996,29.225464
Vietnam,2010,68.79599999999999,31.209999999999997,29.343195
Vietnam,2011,59.422000000000004,40.573,30.827244
Vietnam,2012,53.608000000000004,46.38999999999999,28.762508
Vietnam,2013,53.431000000000004,46.568,29.614496
Vietnam,2014,55.895,44.106,28.828405
Vietnam,2015,63.64,36.358999999999995,26.4371
Vietnam,2016,63.327999999999996,36.671,27.465515
Vietnam,2017,54.050000000000004,45.948,27.367352
Vietnam,2018,59.266,40.73100000000001,26.284246
Vietnam,2019,68.059,31.94,27.22576
Vietnam,2020,63.704,36.294000000000004,25.281763
Vietnam,2021,57.42099999999999,42.578,25.234953
Vietnam,2022,48.449,51.628,25.523504
World,1990,63.662,35.788,36.67
World,1991,63.18300000000001,36.260000000000005,36.279804
World,1992,63.291,36.131,36.29143
World,1993,62.370999999999995,37.05,36.30434
World,1994,62.825,36.604,36.317307
World,1995,62.287,37.07900000000001,35.508453
World,1996,62.527,36.849999999999994,36.348804
World,1997,63.072,36.27700000000001,36.366554
World,1998,63.5,35.815999999999995,36.385246
World,1999,63.635000000000005,35.663000000000004,36.40514
World,2000,64.186,35.815,36.849155
World,2001,64.663,35.337,36.21648
World,2002,65.248,34.753,36.813454
World,2003,66.428,33.572,36.70675
World,2004,66.011,33.989999999999995,36.39298
World,2005,66.46600000000001,33.534,36.384983
World,2006,66.74799999999999,33.252,35.946835
World,2007,67.987,32.013000000000005,35.99501
World,2008,67.22800000000001,32.772,36.27635
World,2009,66.816,33.184,36.09217
World,2010,67.20599999999999,32.793,36.03034
World,2011,67.81700000000001,32.183,37.363174
World,2012,67.91,32.089999999999996,35.998547
World,2013,67.365,32.634,36.00464
World,2014,66.838,33.163000000000004,35.895126
World,2015,66.13199999999999,33.868,36.535892
World,2016,65.451,34.54900000000001,35.477192
World,2017,64.826,35.173,35.014496
World,2018,64.392,35.608,34.74262
World,2019,63.09,36.909,33.38451
World,2020,61.523,38.477000000000004,32.501842
World,2021,61.798,38.203,33.198826
World,2022,60.940999999999995,39.059000000000005,32.732143
Yemen,2000,100.0,0.0,46.131676
Yemen,2001,100.0,0.0,38.24377
Yemen,2002,100.0,0.0,37.045856
Yemen,2003,100.0,0.0,39.12757
Yemen,2004,100.0,0.0,38.989895
Yemen,2005,100.0,0.0,39.76836
Yemen,2006,100.0,0.0,39.47331
Yemen,2007,100.0,0.0,40.80001
Yemen,2008,100.0,0.0,41.65527
Yemen,2009,100.0,0.0,41.003143
Yemen,2010,100.0,0.0,41.2117
Yemen,2011,100.0,0.0,48.376698
Yemen,2012,100.0,0.0,53.858467
Yemen,2013,100.0,0.0,51.870422
Yemen,2014,99.861,0.139,42.725384
Yemen,2015,97.976,2.024,50.05035
Yemen,2016,96.46,3.54,46.077934
Yemen,2017,95.02600000000001,4.974,47.973255
Yemen,2018,85.45500000000001,14.545,45.66318
Yemen,2019,85.924,14.076,48.335148
Yemen,2020,84.83000000000001,15.17,43.73477
Yemen,2021,83.003,16.997,41.734806
Zambia,2000,0.902,99.098,22.895447
Zambia,2001,0.886,99.114,25.467707
Zambia,2002,0.986,99.013,23.107462
Zambia,2003,0.969,99.03099999999999,22.37557
Zambia,2004,0.827,99.172,21.640604
Zambia,2005,0.901,99.099,22.679974
Zambia,2006,0.828,99.172,22.702127
Zambia,2007,0.625,99.375,23.254076
Zambia,2008,0.421,99.579,23.808937
Zambia,2009,0.507,99.493,23.069895
Zambia,2010,0.48,99.52,24.476528
Zambia,2011,0.437,99.563,22.47705
Zambia,2012,0.487,99.513,22.998331
Zambia,2013,0.378,99.622,22.081612
Zambia,2014,2.437,97.563,20.533932
Zambia,2015,2.695,97.30600000000001,22.761734
Zambia,2016,5.594,94.406,21.213419
Zambia,2017,12.465,87.535,19.815296
Zambia,2018,13.887,86.113,21.114439
Zambia,2019,13.974,86.02600000000001,22.120533
Zambia,2020,13.245,86.755,19.448496
Zambia,2021,7.792,92.20799999999998,19.5925
Zimbabwe,2000,48.961,51.039,16.427662
Zimbabwe,2001,57.124,42.876000000000005,20.54192
Zimbabwe,2002,49.879,50.121,17.683773
Zimbabwe,2003,34.895,65.105,15.812917
Zimbabwe,2004,38.576,61.424,14.766578
Zimbabwe,2005,42.478,57.522,16.625578
Zimbabwe,2006,29.036,70.964,18.488493
Zimbabwe,2007,25.306,74.694,19.511356
Zimbabwe,2008,21.651,78.349,19.59705
Zimbabwe,2009,22.082,77.91799999999999,17.942404
Zimbabwe,2010,29.502,70.497,20.295025
Zimbabwe,2011,38.366,61.633,16.765482
Zimbabwe,2012,36.394,63.605000000000004,18.374979
Zimbabwe,2013,42.117000000000004,57.884,17.25582
Zimbabwe,2014,40.371,59.629,15.275085
Zimbabwe,2015,42.812000000000005,57.188,17.825026
Zimbabwe,2016,51.32,48.681,15.692757
Zimbabwe,2017,41.496,58.504000000000005,15.598419
Zimbabwe,2018,40.587,59.413000000000004,18.027733
Zimbabwe,2019,44.417,55.583,16.533665
Zimbabwe,2020,44.796,55.204,13.698771
Zimbabwe,2021,44.955999999999996,55.043,15.144709
